"vendor","brand","product_name","material_family","diameter_mm","variant","document_type","document_title","source_page_url","download_url","local_path","language","revision_or_date","status","notes","retrieved_at"
"3DXTech","3DXTech","3DXTech Technical and Safety Data Sheets","","1.75","","technical_datasheet","3DX_tech_ISO_9001_Cert_2026_with_logo_-_OFFICIAL.pdf","https://www.3dxtech.com/pages/tech-data-sheets-safety-data-sheets","https://cdn.shopify.com/s/files/1/0625/4185/6821/files/3DX_tech_ISO_9001_Cert_2026_with_logo_-_OFFICIAL.pdf?v=1769800773","filament_datasheets\3DXTech\3DXTech - 3DXTech Technical and Safety Data Sheets - 3DX_tech_ISO_9001_Cert_2026_with_logo_-_OFFICIAL - technical_datasheet.pdf","EN","","downloaded","","2026-06-06T21:01:26.1134733-07:00"
"3DXTech","3DXTech","3DXTech Technical and Safety Data Sheets","","1.75","","technical_datasheet","3DXMAX_ABS_TDS_v3.pdf","https://www.3dxtech.com/pages/tech-data-sheets-safety-data-sheets","https://cdn.shopify.com/s/files/1/0625/4185/6821/files/3DXMAX_ABS_TDS_v3.pdf?v=1723942765","filament_datasheets\3DXTech\3DXTech - 3DXTech Technical and Safety Data Sheets - 3DXMAX_ABS_TDS_v3 - technical_datasheet.pdf","EN","","downloaded","","2026-06-06T21:01:26.1134733-07:00"
"3DXTech","3DXTech","3DXTech Technical and Safety Data Sheets","","1.75","","technical_datasheet","3DXMAX_ASA_TDS_v3.pdf","https://www.3dxtech.com/pages/tech-data-sheets-safety-data-sheets","https://cdn.shopify.com/s/files/1/0625/4185/6821/files/3DXMAX_ASA_TDS_v3.pdf?v=1723942764","filament_datasheets\3DXTech\3DXTech - 3DXTech Technical and Safety Data Sheets - 3DXMAX_ASA_TDS_v3 - technical_datasheet.pdf","EN","","downloaded","","2026-06-06T21:01:26.1134733-07:00"
"3DXTech","3DXTech","3DXTech Technical and Safety Data Sheets","","1.75","","technical_datasheet","3DXMAX_HIPS_TDS_v3.pdf","https://www.3dxtech.com/pages/tech-data-sheets-safety-data-sheets","https://cdn.shopify.com/s/files/1/0625/4185/6821/files/3DXMAX_HIPS_TDS_v3.pdf?v=1723942764","filament_datasheets\3DXTech\3DXTech - 3DXTech Technical and Safety Data Sheets - 3DXMAX_HIPS_TDS_v3 - technical_datasheet.pdf","EN","","downloaded","","2026-06-06T21:01:26.1134733-07:00"
"3DXTech","3DXTech","3DXTech Technical and Safety Data Sheets","","1.75","","technical_datasheet","3DXMAX_PC_TDS_v3.pdf","https://www.3dxtech.com/pages/tech-data-sheets-safety-data-sheets","https://cdn.shopify.com/s/files/1/0625/4185/6821/files/3DXMAX_PC_TDS_v3.pdf?v=1723942764","filament_datasheets\3DXTech\3DXTech - 3DXTech Technical and Safety Data Sheets - 3DXMAX_PC_TDS_v3 - technical_datasheet.pdf","EN","","downloaded","","2026-06-06T21:01:26.1134733-07:00"
"3DXTech","3DXTech","3DXTech Technical and Safety Data Sheets","","1.75","","technical_datasheet","3DXMAX_PCABS_TDS_v3.pdf","https://www.3dxtech.com/pages/tech-data-sheets-safety-data-sheets","https://cdn.shopify.com/s/files/1/0625/4185/6821/files/3DXMAX_PCABS_TDS_v3.pdf?v=1723942764","filament_datasheets\3DXTech\3DXTech - 3DXTech Technical and Safety Data Sheets - 3DXMAX_PCABS_TDS_v3 - technical_datasheet.pdf","EN","","downloaded","","2026-06-06T21:01:26.1134733-07:00"
"3DXTech","3DXTech","3DXTech Technical and Safety Data Sheets","","1.75","","technical_datasheet","3DXMAX_PCASA_TDS_v3.pdf","https://www.3dxtech.com/pages/tech-data-sheets-safety-data-sheets","https://cdn.shopify.com/s/files/1/0625/4185/6821/files/3DXMAX_PCASA_TDS_v3.pdf?v=1723942763","filament_datasheets\3DXTech\3DXTech - 3DXTech Technical and Safety Data Sheets - 3DXMAX_PCASA_TDS_v3 - technical_datasheet.pdf","EN","","downloaded","","2026-06-06T21:01:26.1134733-07:00"
"3DXTech","3DXTech","3DXTech Technical and Safety Data Sheets","","1.75","","technical_datasheet","3DXPRO_LG_PETG_TDS_v3.pdf","https://www.3dxtech.com/pages/tech-data-sheets-safety-data-sheets","https://cdn.shopify.com/s/files/1/0625/4185/6821/files/3DXPRO_LG_PETG_TDS_v3.pdf?v=1723942764","filament_datasheets\3DXTech\3DXTech - 3DXTech Technical and Safety Data Sheets - 3DXPRO_LG_PETG_TDS_v3 - technical_datasheet.pdf","EN","","downloaded","","2026-06-06T21:01:26.1134733-07:00"
"3DXTech","3DXTech","3DXTech Technical and Safety Data Sheets","","1.75","","technical_datasheet","3DXSTAT_ESD_ABS_TDS_v3.pdf","https://www.3dxtech.com/pages/tech-data-sheets-safety-data-sheets","https://cdn.shopify.com/s/files/1/0625/4185/6821/files/3DXSTAT_ESD_ABS_TDS_v3.pdf?v=1723942764","filament_datasheets\3DXTech\3DXTech - 3DXTech Technical and Safety Data Sheets - 3DXSTAT_ESD_ABS_TDS_v3 - technical_datasheet.pdf","EN","","downloaded","","2026-06-06T21:01:26.1134733-07:00"
"3DXTech","3DXTech","3DXTech Technical and Safety Data Sheets","","1.75","","technical_datasheet","3DXSTAT_ESD_PA12_TDS_v1.pdf","https://www.3dxtech.com/pages/tech-data-sheets-safety-data-sheets","https://cdn.shopify.com/s/files/1/0625/4185/6821/files/3DXSTAT_ESD_PA12_TDS_v1.pdf?v=1723942768","filament_datasheets\3DXTech\3DXTech - 3DXTech Technical and Safety Data Sheets - 3DXSTAT_ESD_PA12_TDS_v1 - technical_datasheet.pdf","EN","","downloaded","","2026-06-06T21:01:26.1134733-07:00"
"3DXTech","3DXTech","3DXTech Technical and Safety Data Sheets","","1.75","","technical_datasheet","3DXSTAT_ESD_PC_v3_TDS.pdf","https://www.3dxtech.com/pages/tech-data-sheets-safety-data-sheets","https://cdn.shopify.com/s/files/1/0625/4185/6821/files/3DXSTAT_ESD_PC_v3_TDS.pdf?v=1723942765","filament_datasheets\3DXTech\3DXTech - 3DXTech Technical and Safety Data Sheets - 3DXSTAT_ESD_PC_v3_TDS - technical_datasheet.pdf","EN","","downloaded","","2026-06-06T21:01:26.1134733-07:00"
"3DXTech","3DXTech","3DXTech Technical and Safety Data Sheets","","1.75","","technical_datasheet","3DXSTAT_ESD_PEKK_TDS.pdf","https://www.3dxtech.com/pages/tech-data-sheets-safety-data-sheets","https://cdn.shopify.com/s/files/1/0625/4185/6821/files/3DXSTAT_ESD_PEKK_TDS.pdf?v=1723942764","filament_datasheets\3DXTech\3DXTech - 3DXTech Technical and Safety Data Sheets - 3DXSTAT_ESD_PEKK_TDS - technical_datasheet.pdf","EN","","downloaded","","2026-06-06T21:01:26.1134733-07:00"
"3DXTech","3DXTech","3DXTech Technical and Safety Data Sheets","","1.75","","technical_datasheet","3DXSTAT_ESD_PLA_TDS_v3.pdf","https://www.3dxtech.com/pages/tech-data-sheets-safety-data-sheets","https://cdn.shopify.com/s/files/1/0625/4185/6821/files/3DXSTAT_ESD_PLA_TDS_v3.pdf?v=1723942764","filament_datasheets\3DXTech\3DXTech - 3DXTech Technical and Safety Data Sheets - 3DXSTAT_ESD_PLA_TDS_v3 - technical_datasheet.pdf","EN","","downloaded","","2026-06-06T21:01:26.1134733-07:00"
"3DXTech","3DXTech","3DXTech Technical and Safety Data Sheets","","1.75","","technical_datasheet","3DXSTAT_ESD_PPS_v3_TDS.pdf","https://www.3dxtech.com/pages/tech-data-sheets-safety-data-sheets","https://cdn.shopify.com/s/files/1/0625/4185/6821/files/3DXSTAT_ESD_PPS_v3_TDS.pdf?v=1723942764","filament_datasheets\3DXTech\3DXTech - 3DXTech Technical and Safety Data Sheets - 3DXSTAT_ESD_PPS_v3_TDS - technical_datasheet.pdf","EN","","downloaded","","2026-06-06T21:01:26.1134733-07:00"
"3DXTech","3DXTech","3DXTech Technical and Safety Data Sheets","","1.75","","technical_datasheet","3DXSTAT_ESD_PVDF_v3_TDS.pdf","https://www.3dxtech.com/pages/tech-data-sheets-safety-data-sheets","https://cdn.shopify.com/s/files/1/0625/4185/6821/files/3DXSTAT_ESD_PVDF_v3_TDS.pdf?v=1723942764","filament_datasheets\3DXTech\3DXTech - 3DXTech Technical and Safety Data Sheets - 3DXSTAT_ESD_PVDF_v3_TDS - technical_datasheet.pdf","EN","","downloaded","","2026-06-06T21:01:26.1134733-07:00"
"3DXTech","3DXTech","3DXTech Technical and Safety Data Sheets","","1.75","","technical_datasheet","3DXSTAT_ESD_TPU_90A_TDS_v1.1.pdf","https://www.3dxtech.com/pages/tech-data-sheets-safety-data-sheets","https://cdn.shopify.com/s/files/1/0625/4185/6821/files/3DXSTAT_ESD_TPU_90A_TDS_v1.1.pdf?v=1723942769","filament_datasheets\3DXTech\3DXTech - 3DXTech Technical and Safety Data Sheets - 3DXSTAT_ESD_TPU_90A_TDS_v1.1 - technical_datasheet.pdf","EN","","downloaded","","2026-06-06T21:01:26.1134733-07:00"
"3DXTech","3DXTech","3DXTech Technical and Safety Data Sheets","","1.75","","technical_datasheet","3DXSTAT_ESD_Ultem1010_TDS_v3.1.pdf","https://www.3dxtech.com/pages/tech-data-sheets-safety-data-sheets","https://cdn.shopify.com/s/files/1/0625/4185/6821/files/3DXSTAT_ESD_Ultem1010_TDS_v3.1.pdf?v=1723942767","filament_datasheets\3DXTech\3DXTech - 3DXTech Technical and Safety Data Sheets - 3DXSTAT_ESD_Ultem1010_TDS_v3.1 - technical_datasheet.pdf","EN","","downloaded","","2026-06-06T21:01:26.1134733-07:00"
"3DXTech","3DXTech","3DXTech Technical and Safety Data Sheets","","1.75","","technical_datasheet","3DXSTAT_ESD-PETG-TDS-v03.pdf","https://www.3dxtech.com/pages/tech-data-sheets-safety-data-sheets","https://cdn.shopify.com/s/files/1/0625/4185/6821/files/3DXSTAT_ESD-PETG-TDS-v03.pdf?v=1723942764","filament_datasheets\3DXTech\3DXTech - 3DXTech Technical and Safety Data Sheets - 3DXSTAT_ESD-PETG-TDS-v03 - technical_datasheet.pdf","EN","","downloaded","","2026-06-06T21:01:26.1134733-07:00"
"3DXTech","3DXTech","3DXTech Technical and Safety Data Sheets","","1.75","","technical_datasheet","3XDSTAT_ESD_Ultem_v3_TDS.pdf","https://www.3dxtech.com/pages/tech-data-sheets-safety-data-sheets","https://cdn.shopify.com/s/files/1/0625/4185/6821/files/3XDSTAT_ESD_Ultem_v3_TDS.pdf?v=1723942764","filament_datasheets\3DXTech\3DXTech - 3DXTech Technical and Safety Data Sheets - 3XDSTAT_ESD_Ultem_v3_TDS - technical_datasheet.pdf","EN","","downloaded","","2026-06-06T21:01:26.1134733-07:00"
"3DXTech","3DXTech","3DXTech Technical and Safety Data Sheets","","1.75","","technical_datasheet","AMIDEX_Nylon_GF30_TDS_v1.pdf","https://www.3dxtech.com/pages/tech-data-sheets-safety-data-sheets","https://cdn.shopify.com/s/files/1/0625/4185/6821/files/AMIDEX_Nylon_GF30_TDS_v1.pdf?v=1723942764","filament_datasheets\3DXTech\3DXTech - 3DXTech Technical and Safety Data Sheets - AMIDEX_Nylon_GF30_TDS_v1 - technical_datasheet.pdf","EN","","downloaded","","2026-06-06T21:01:26.1134733-07:00"
"3DXTech","3DXTech","3DXTech Technical and Safety Data Sheets","","1.75","","technical_datasheet","AMIDEX_PA6_Copolymer_v1.0.pdf","https://www.3dxtech.com/pages/tech-data-sheets-safety-data-sheets","https://cdn.shopify.com/s/files/1/0625/4185/6821/files/AMIDEX_PA6_Copolymer_v1.0.pdf?v=1723942767","filament_datasheets\3DXTech\3DXTech - 3DXTech Technical and Safety Data Sheets - AMIDEX_PA6_Copolymer_v1.0 - technical_datasheet.pdf","EN","","downloaded","","2026-06-06T21:01:26.1134733-07:00"
"3DXTech","3DXTech","3DXTech Technical and Safety Data Sheets","","1.75","","technical_datasheet","CarbonX_CF_ABS_TDS_v3.pdf","https://www.3dxtech.com/pages/tech-data-sheets-safety-data-sheets","https://cdn.shopify.com/s/files/1/0625/4185/6821/files/CarbonX_CF_ABS_TDS_v3.pdf?v=1723942765","filament_datasheets\3DXTech\3DXTech - 3DXTech Technical and Safety Data Sheets - CarbonX_CF_ABS_TDS_v3 - technical_datasheet.pdf","EN","","downloaded","","2026-06-06T21:01:26.1134733-07:00"
"3DXTech","3DXTech","3DXTech Technical and Safety Data Sheets","","1.75","","technical_datasheet","CarbonX_CF_ASA_TDS_v1.pdf","https://www.3dxtech.com/pages/tech-data-sheets-safety-data-sheets","https://cdn.shopify.com/s/files/1/0625/4185/6821/files/CarbonX_CF_ASA_TDS_v1.pdf?v=1723942767","filament_datasheets\3DXTech\3DXTech - 3DXTech Technical and Safety Data Sheets - CarbonX_CF_ASA_TDS_v1 - technical_datasheet.pdf","EN","","downloaded","","2026-06-06T21:01:26.1134733-07:00"
"3DXTech","3DXTech","3DXTech Technical and Safety Data Sheets","","1.75","","technical_datasheet","CarbonX_CF_ezPC_TDSv1.pdf","https://www.3dxtech.com/pages/tech-data-sheets-safety-data-sheets","https://cdn.shopify.com/s/files/1/0625/4185/6821/files/CarbonX_CF_ezPC_TDSv1.pdf?v=1723942769","filament_datasheets\3DXTech\3DXTech - 3DXTech Technical and Safety Data Sheets - CarbonX_CF_ezPC_TDSv1 - technical_datasheet.pdf","EN","","downloaded","","2026-06-06T21:01:26.1134733-07:00"
"3DXTech","3DXTech","3DXTech Technical and Safety Data Sheets","","1.75","","technical_datasheet","CarbonX_CF_HTN_TDS_v2.pdf","https://www.3dxtech.com/pages/tech-data-sheets-safety-data-sheets","https://cdn.shopify.com/s/files/1/0625/4185/6821/files/CarbonX_CF_HTN_TDS_v2.pdf?v=1723942768","filament_datasheets\3DXTech\3DXTech - 3DXTech Technical and Safety Data Sheets - CarbonX_CF_HTN_TDS_v2 - technical_datasheet.pdf","EN","","downloaded","","2026-06-06T21:01:26.1134733-07:00"
"3DXTech","3DXTech","3DXTech Technical and Safety Data Sheets","","1.75","","technical_datasheet","CarbonX_CF_PA12_TDS_v1.pdf","https://www.3dxtech.com/pages/tech-data-sheets-safety-data-sheets","https://cdn.shopify.com/s/files/1/0625/4185/6821/files/CarbonX_CF_PA12_TDS_v1.pdf?v=1723942768","filament_datasheets\3DXTech\3DXTech - 3DXTech Technical and Safety Data Sheets - CarbonX_CF_PA12_TDS_v1 - technical_datasheet.pdf","EN","","downloaded","","2026-06-06T21:01:26.1134733-07:00"
"3DXTech","3DXTech","3DXTech Technical and Safety Data Sheets","","1.75","","technical_datasheet","CarbonX_CF_PC_ABS_TDS_v1.1.pdf","https://www.3dxtech.com/pages/tech-data-sheets-safety-data-sheets","https://cdn.shopify.com/s/files/1/0625/4185/6821/files/CarbonX_CF_PC_ABS_TDS_v1.1.pdf?v=1723942768","filament_datasheets\3DXTech\3DXTech - 3DXTech Technical and Safety Data Sheets - CarbonX_CF_PC_ABS_TDS_v1.1 - technical_datasheet.pdf","EN","","downloaded","","2026-06-06T21:01:26.1134733-07:00"
"3DXTech","3DXTech","3DXTech Technical and Safety Data Sheets","","1.75","","technical_datasheet","CarbonX_CF_PC_TDSv3.pdf","https://www.3dxtech.com/pages/tech-data-sheets-safety-data-sheets","https://cdn.shopify.com/s/files/1/0625/4185/6821/files/CarbonX_CF_PC_TDSv3.pdf?v=1723942764","filament_datasheets\3DXTech\3DXTech - 3DXTech Technical and Safety Data Sheets - CarbonX_CF_PC_TDSv3 - technical_datasheet.pdf","EN","","downloaded","","2026-06-06T21:01:26.1134733-07:00"
"3DXTech","3DXTech","3DXTech Technical and Safety Data Sheets","","1.75","","technical_datasheet","CarbonX_CF_PEEK_TDS_v3.pdf","https://www.3dxtech.com/pages/tech-data-sheets-safety-data-sheets","https://cdn.shopify.com/s/files/1/0625/4185/6821/files/CarbonX_CF_PEEK_TDS_v3.pdf?v=1723942765","filament_datasheets\3DXTech\3DXTech - 3DXTech Technical and Safety Data Sheets - CarbonX_CF_PEEK_TDS_v3 - technical_datasheet.pdf","EN","","downloaded","","2026-06-06T21:01:26.1134733-07:00"
"3DXTech","3DXTech","3DXTech Technical and Safety Data Sheets","","1.75","","technical_datasheet","CarbonX_CF_PETG_TDS_v3.pdf","https://www.3dxtech.com/pages/tech-data-sheets-safety-data-sheets","https://cdn.shopify.com/s/files/1/0625/4185/6821/files/CarbonX_CF_PETG_TDS_v3.pdf?v=1723942765","filament_datasheets\3DXTech\3DXTech - 3DXTech Technical and Safety Data Sheets - CarbonX_CF_PETG_TDS_v3 - technical_datasheet.pdf","EN","","downloaded","","2026-06-06T21:01:26.1134733-07:00"
"3DXTech","3DXTech","3DXTech Technical and Safety Data Sheets","","1.75","","technical_datasheet","CarbonX_CF_PLA_TDS_v3.pdf","https://www.3dxtech.com/pages/tech-data-sheets-safety-data-sheets","https://cdn.shopify.com/s/files/1/0625/4185/6821/files/CarbonX_CF_PLA_TDS_v3.pdf?v=1723942765","filament_datasheets\3DXTech\3DXTech - 3DXTech Technical and Safety Data Sheets - CarbonX_CF_PLA_TDS_v3 - technical_datasheet.pdf","EN","","downloaded","","2026-06-06T21:01:26.1134733-07:00"
"3DXTech","3DXTech","3DXTech Technical and Safety Data Sheets","","1.75","","technical_datasheet","CarbonX_CF_PP_TDSv1.pdf","https://www.3dxtech.com/pages/tech-data-sheets-safety-data-sheets","https://cdn.shopify.com/s/files/1/0625/4185/6821/files/CarbonX_CF_PP_TDSv1.pdf?v=1723942768","filament_datasheets\3DXTech\3DXTech - 3DXTech Technical and Safety Data Sheets - CarbonX_CF_PP_TDSv1 - technical_datasheet.pdf","EN","","downloaded","","2026-06-06T21:01:26.1134733-07:00"
"3DXTech","3DXTech","3DXTech Technical and Safety Data Sheets","","1.75","","technical_datasheet","CarbonX_CF_Ultem_9085_TDS.pdf","https://www.3dxtech.com/pages/tech-data-sheets-safety-data-sheets","https://cdn.shopify.com/s/files/1/0625/4185/6821/files/CarbonX_CF_Ultem_9085_TDS.pdf?v=1723942769","filament_datasheets\3DXTech\3DXTech - 3DXTech Technical and Safety Data Sheets - CarbonX_CF_Ultem_9085_TDS - technical_datasheet.pdf","EN","","downloaded","","2026-06-06T21:01:26.1134733-07:00"
"3DXTech","3DXTech","3DXTech Technical and Safety Data Sheets","","1.75","","technical_datasheet","CarbonX_CF_Ultem_TDS_v3.pdf","https://www.3dxtech.com/pages/tech-data-sheets-safety-data-sheets","https://cdn.shopify.com/s/files/1/0625/4185/6821/files/CarbonX_CF_Ultem_TDS_v3.pdf?v=1723942765","filament_datasheets\3DXTech\3DXTech - 3DXTech Technical and Safety Data Sheets - CarbonX_CF_Ultem_TDS_v3 - technical_datasheet.pdf","EN","","downloaded","","2026-06-06T21:01:26.1134733-07:00"
"3DXTech","3DXTech","3DXTech Technical and Safety Data Sheets","","1.75","","technical_datasheet","CarbonX_CF15_PEKK-A__TDS_v1.pdf","https://www.3dxtech.com/pages/tech-data-sheets-safety-data-sheets","https://cdn.shopify.com/s/files/1/0625/4185/6821/files/CarbonX_CF15_PEKK-A__TDS_v1.pdf?v=1723942767","filament_datasheets\3DXTech\3DXTech - 3DXTech Technical and Safety Data Sheets - CarbonX_CF15_PEKK-A__TDS_v1 - technical_datasheet.pdf","EN","","downloaded","","2026-06-06T21:01:26.1134733-07:00"
"3DXTech","3DXTech","3DXTech Technical and Safety Data Sheets","","1.75","","technical_datasheet","CarbonX_CF20_PEEK_TDS_v1.pdf","https://www.3dxtech.com/pages/tech-data-sheets-safety-data-sheets","https://cdn.shopify.com/s/files/1/0625/4185/6821/files/CarbonX_CF20_PEEK_TDS_v1.pdf?v=1723942769","filament_datasheets\3DXTech\3DXTech - 3DXTech Technical and Safety Data Sheets - CarbonX_CF20_PEEK_TDS_v1 - technical_datasheet.pdf","EN","","downloaded","","2026-06-06T21:01:26.1134733-07:00"
"3DXTech","3DXTech","3DXTech Technical and Safety Data Sheets","","1.75","","technical_datasheet","CarbonX_PA6_G3_TDS_v3.0.pdf","https://www.3dxtech.com/pages/tech-data-sheets-safety-data-sheets","https://cdn.shopify.com/s/files/1/0625/4185/6821/files/CarbonX_PA6_G3_TDS_v3.0.pdf?v=1723942765","filament_datasheets\3DXTech\3DXTech - 3DXTech Technical and Safety Data Sheets - CarbonX_PA6_G3_TDS_v3.0 - technical_datasheet.pdf","EN","","downloaded","","2026-06-06T21:01:26.1134733-07:00"
"3DXTech","3DXTech","3DXTech Technical and Safety Data Sheets","","1.75","","technical_datasheet","ECOMAX_PLA_TDS_v3.pdf","https://www.3dxtech.com/pages/tech-data-sheets-safety-data-sheets","https://cdn.shopify.com/s/files/1/0625/4185/6821/files/ECOMAX_PLA_TDS_v3.pdf?v=1723942765","filament_datasheets\3DXTech\3DXTech - 3DXTech Technical and Safety Data Sheets - ECOMAX_PLA_TDS_v3 - technical_datasheet.pdf","EN","","downloaded","","2026-06-06T21:01:26.1134733-07:00"
"3DXTech","3DXTech","3DXTech Technical and Safety Data Sheets","","1.75","","technical_datasheet","ECOMAX_Tough_PLA_TDS_v1.pdf","https://www.3dxtech.com/pages/tech-data-sheets-safety-data-sheets","https://cdn.shopify.com/s/files/1/0625/4185/6821/files/ECOMAX_Tough_PLA_TDS_v1.pdf?v=1723942767","filament_datasheets\3DXTech\3DXTech - 3DXTech Technical and Safety Data Sheets - ECOMAX_Tough_PLA_TDS_v1 - technical_datasheet.pdf","EN","","downloaded","","2026-06-06T21:01:26.1134733-07:00"
"3DXTech","3DXTech","3DXTech Technical and Safety Data Sheets","","1.75","","technical_datasheet","EVOLV3D_OBC-TDS.pdf","https://www.3dxtech.com/pages/tech-data-sheets-safety-data-sheets","https://cdn.shopify.com/s/files/1/0625/4185/6821/files/EVOLV3D_OBC-TDS.pdf?v=1723942766","filament_datasheets\3DXTech\3DXTech - 3DXTech Technical and Safety Data Sheets - EVOLV3D_OBC-TDS - technical_datasheet.pdf","EN","","downloaded","","2026-06-06T21:01:26.1134733-07:00"
"3DXTech","3DXTech","3DXTech Technical and Safety Data Sheets","","1.75","","technical_datasheet","ezPC_TDS_v01.pdf","https://www.3dxtech.com/pages/tech-data-sheets-safety-data-sheets","https://cdn.shopify.com/s/files/1/0625/4185/6821/files/ezPC_TDS_v01.pdf?v=1723942769","filament_datasheets\3DXTech\3DXTech - 3DXTech Technical and Safety Data Sheets - ezPC_TDS_v01 - technical_datasheet.pdf","EN","","downloaded","","2026-06-06T21:01:26.1134733-07:00"
"3DXTech","3DXTech","3DXTech Technical and Safety Data Sheets","","1.75","","technical_datasheet","FIBREX_GF_ABS__TDS_v1.pdf","https://www.3dxtech.com/pages/tech-data-sheets-safety-data-sheets","https://cdn.shopify.com/s/files/1/0625/4185/6821/files/FIBREX_GF_ABS__TDS_v1.pdf?v=1723942769","filament_datasheets\3DXTech\3DXTech - 3DXTech Technical and Safety Data Sheets - FIBREX_GF_ABS__TDS_v1 - technical_datasheet.pdf","EN","","downloaded","","2026-06-06T21:01:26.1134733-07:00"
"3DXTech","3DXTech","3DXTech Technical and Safety Data Sheets","","1.75","","technical_datasheet","FIBREX_GF_PP_TDS_v1.pdf","https://www.3dxtech.com/pages/tech-data-sheets-safety-data-sheets","https://cdn.shopify.com/s/files/1/0625/4185/6821/files/FIBREX_GF_PP_TDS_v1.pdf?v=1723942768","filament_datasheets\3DXTech\3DXTech - 3DXTech Technical and Safety Data Sheets - FIBREX_GF_PP_TDS_v1 - technical_datasheet.pdf","EN","","downloaded","","2026-06-06T21:01:26.1134733-07:00"
"3DXTech","3DXTech","3DXTech Technical and Safety Data Sheets","","1.75","","technical_datasheet","FIBREX_GF20_PEEK_v2.pdf","https://www.3dxtech.com/pages/tech-data-sheets-safety-data-sheets","https://cdn.shopify.com/s/files/1/0625/4185/6821/files/FIBREX_GF20_PEEK_v2.pdf?v=1723992647","filament_datasheets\3DXTech\3DXTech - 3DXTech Technical and Safety Data Sheets - FIBREX_GF20_PEEK_v2 - technical_datasheet.pdf","EN","","downloaded","","2026-06-06T21:01:26.1134733-07:00"
"3DXTech","3DXTech","3DXTech Technical and Safety Data Sheets","","1.75","","technical_datasheet","FIBREX_GF30_ULTEM_PEI_v1.pdf","https://www.3dxtech.com/pages/tech-data-sheets-safety-data-sheets","https://cdn.shopify.com/s/files/1/0625/4185/6821/files/FIBREX_GF30_ULTEM_PEI_v1.pdf?v=1723992647","filament_datasheets\3DXTech\3DXTech - 3DXTech Technical and Safety Data Sheets - FIBREX_GF30_ULTEM_PEI_v1 - technical_datasheet.pdf","EN","","downloaded","","2026-06-06T21:01:26.1134733-07:00"
"3DXTech","3DXTech","3DXTech Technical and Safety Data Sheets","","1.75","","technical_datasheet","FIBREX_PA12_GF30_TDS_v1.0.pdf","https://www.3dxtech.com/pages/tech-data-sheets-safety-data-sheets","https://cdn.shopify.com/s/files/1/0625/4185/6821/files/FIBREX_PA12_GF30_TDS_v1.0.pdf?v=1723942768","filament_datasheets\3DXTech\3DXTech - 3DXTech Technical and Safety Data Sheets - FIBREX_PA12_GF30_TDS_v1.0 - technical_datasheet.pdf","EN","","downloaded","","2026-06-06T21:01:26.1134733-07:00"
"3DXTech","3DXTech","3DXTech Technical and Safety Data Sheets","","1.75","","technical_datasheet","FIREWIRE_FR_ABS_TDS_v3.pdf","https://www.3dxtech.com/pages/tech-data-sheets-safety-data-sheets","https://cdn.shopify.com/s/files/1/0625/4185/6821/files/FIREWIRE_FR_ABS_TDS_v3.pdf?v=1723942765","filament_datasheets\3DXTech\3DXTech - 3DXTech Technical and Safety Data Sheets - FIREWIRE_FR_ABS_TDS_v3 - technical_datasheet.pdf","EN","","downloaded","","2026-06-06T21:01:26.1134733-07:00"
"3DXTech","3DXTech","3DXTech Technical and Safety Data Sheets","","1.75","","technical_datasheet","FIREWIRE_FR_PCABS_TDS_v3.pdf","https://www.3dxtech.com/pages/tech-data-sheets-safety-data-sheets","https://cdn.shopify.com/s/files/1/0625/4185/6821/files/FIREWIRE_FR_PCABS_TDS_v3.pdf?v=1723942765","filament_datasheets\3DXTech\3DXTech - 3DXTech Technical and Safety Data Sheets - FIREWIRE_FR_PCABS_TDS_v3 - technical_datasheet.pdf","EN","","downloaded","","2026-06-06T21:01:26.1134733-07:00"
"3DXTech","3DXTech","3DXTech Technical and Safety Data Sheets","","1.75","","technical_datasheet","FLUORX_PVDF_TDS_v3.pdf","https://www.3dxtech.com/pages/tech-data-sheets-safety-data-sheets","https://cdn.shopify.com/s/files/1/0625/4185/6821/files/FLUORX_PVDF_TDS_v3.pdf?v=1723942766","filament_datasheets\3DXTech\3DXTech - 3DXTech Technical and Safety Data Sheets - FLUORX_PVDF_TDS_v3 - technical_datasheet.pdf","EN","","downloaded","","2026-06-06T21:01:26.1134733-07:00"
"3DXTech","3DXTech","3DXTech Technical and Safety Data Sheets","","1.75","","technical_datasheet","Hyperlite_PP_TDS_v1.pdf","https://www.3dxtech.com/pages/tech-data-sheets-safety-data-sheets","https://cdn.shopify.com/s/files/1/0625/4185/6821/files/Hyperlite_PP_TDS_v1.pdf?v=1723942768","filament_datasheets\3DXTech\3DXTech - 3DXTech Technical and Safety Data Sheets - Hyperlite_PP_TDS_v1 - technical_datasheet.pdf","EN","","downloaded","","2026-06-06T21:01:26.1134733-07:00"
"3DXTech","3DXTech","3DXTech Technical and Safety Data Sheets","","1.75","","technical_datasheet","MAXG_PCTG_TDS_v1.0.pdf","https://www.3dxtech.com/pages/tech-data-sheets-safety-data-sheets","https://cdn.shopify.com/s/files/1/0625/4185/6821/files/MAXG_PCTG_TDS_v1.0.pdf?v=1723942769","filament_datasheets\3DXTech\3DXTech - 3DXTech Technical and Safety Data Sheets - MAXG_PCTG_TDS_v1.0 - technical_datasheet.pdf","EN","","downloaded","","2026-06-06T21:01:26.1134733-07:00"
"3DXTech","3DXTech","3DXTech Technical and Safety Data Sheets","","1.75","","technical_datasheet","Obsidian-PA6CF-TDS_v1.pdf","https://www.3dxtech.com/pages/tech-data-sheets-safety-data-sheets","https://cdn.shopify.com/s/files/1/0625/4185/6821/files/Obsidian-PA6CF-TDS_v1.pdf?v=1721633159","filament_datasheets\3DXTech\3DXTech - 3DXTech Technical and Safety Data Sheets - Obsidian-PA6CF-TDS_v1 - technical_datasheet.pdf","EN","","downloaded","","2026-06-06T21:01:26.1134733-07:00"
"3DXTech","3DXTech","3DXTech Technical and Safety Data Sheets","","1.75","","technical_datasheet","SimuBone_TDS_v1.pdf","https://www.3dxtech.com/pages/tech-data-sheets-safety-data-sheets","https://cdn.shopify.com/s/files/1/0625/4185/6821/files/SimuBone_TDS_v1.pdf?v=1723942767","filament_datasheets\3DXTech\3DXTech - 3DXTech Technical and Safety Data Sheets - SimuBone_TDS_v1 - technical_datasheet.pdf","EN","","downloaded","","2026-06-06T21:01:26.1134733-07:00"
"3DXTech","3DXTech","3DXTech Technical and Safety Data Sheets","","1.75","","technical_datasheet","Themax_PEEK_TDS_v3.pdf","https://www.3dxtech.com/pages/tech-data-sheets-safety-data-sheets","https://cdn.shopify.com/s/files/1/0625/4185/6821/files/Themax_PEEK_TDS_v3.pdf?v=1723942765","filament_datasheets\3DXTech\3DXTech - 3DXTech Technical and Safety Data Sheets - Themax_PEEK_TDS_v3 - technical_datasheet.pdf","EN","","downloaded","","2026-06-06T21:01:26.1134733-07:00"
"3DXTech","3DXTech","3DXTech Technical and Safety Data Sheets","","1.75","","technical_datasheet","THERMAX_PEI_1010_TDS_v4.pdf","https://www.3dxtech.com/pages/tech-data-sheets-safety-data-sheets","https://cdn.shopify.com/s/files/1/0625/4185/6821/files/THERMAX_PEI_1010_TDS_v4.pdf?v=1723942766","filament_datasheets\3DXTech\3DXTech - 3DXTech Technical and Safety Data Sheets - THERMAX_PEI_1010_TDS_v4 - technical_datasheet.pdf","EN","","downloaded","","2026-06-06T21:01:26.1134733-07:00"
"3DXTech","3DXTech","3DXTech Technical and Safety Data Sheets","","1.75","","technical_datasheet","THERMAX_PEI_9085_TDS_v4.pdf","https://www.3dxtech.com/pages/tech-data-sheets-safety-data-sheets","https://cdn.shopify.com/s/files/1/0625/4185/6821/files/THERMAX_PEI_9085_TDS_v4.pdf?v=1723942766","filament_datasheets\3DXTech\3DXTech - 3DXTech Technical and Safety Data Sheets - THERMAX_PEI_9085_TDS_v4 - technical_datasheet.pdf","EN","","downloaded","","2026-06-06T21:01:26.1134733-07:00"
"3DXTech","3DXTech","3DXTech Technical and Safety Data Sheets","","1.75","","technical_datasheet","Thermax_PEKK-A_TDS_v2.1.pdf","https://www.3dxtech.com/pages/tech-data-sheets-safety-data-sheets","https://cdn.shopify.com/s/files/1/0625/4185/6821/files/Thermax_PEKK-A_TDS_v2.1.pdf?v=1723942767","filament_datasheets\3DXTech\3DXTech - 3DXTech Technical and Safety Data Sheets - Thermax_PEKK-A_TDS_v2.1 - technical_datasheet.pdf","EN","","downloaded","","2026-06-06T21:01:26.1134733-07:00"
"3DXTech","3DXTech","3DXTech Technical and Safety Data Sheets","","1.75","","technical_datasheet","Thermax_PEKK-C_TDS_v3.3.pdf","https://www.3dxtech.com/pages/tech-data-sheets-safety-data-sheets","https://cdn.shopify.com/s/files/1/0625/4185/6821/files/Thermax_PEKK-C_TDS_v3.3.pdf?v=1723942768","filament_datasheets\3DXTech\3DXTech - 3DXTech Technical and Safety Data Sheets - Thermax_PEKK-C_TDS_v3.3 - technical_datasheet.pdf","EN","","downloaded","","2026-06-06T21:01:26.1134733-07:00"
"3DXTech","3DXTech","3DXTech Technical and Safety Data Sheets","","1.75","","technical_datasheet","THERMAX_PPE_PS_TDS_v1.pdf","https://www.3dxtech.com/pages/tech-data-sheets-safety-data-sheets","https://cdn.shopify.com/s/files/1/0625/4185/6821/files/THERMAX_PPE_PS_TDS_v1.pdf?v=1723942768","filament_datasheets\3DXTech\3DXTech - 3DXTech Technical and Safety Data Sheets - THERMAX_PPE_PS_TDS_v1 - technical_datasheet.pdf","EN","","downloaded","","2026-06-06T21:01:26.1134733-07:00"
"3DXTech","3DXTech","3DXTech Technical and Safety Data Sheets","","1.75","","technical_datasheet","THERMAX_PPS_TDS_v3.pdf","https://www.3dxtech.com/pages/tech-data-sheets-safety-data-sheets","https://cdn.shopify.com/s/files/1/0625/4185/6821/files/THERMAX_PPS_TDS_v3.pdf?v=1723942766","filament_datasheets\3DXTech\3DXTech - 3DXTech Technical and Safety Data Sheets - THERMAX_PPS_TDS_v3 - technical_datasheet.pdf","EN","","downloaded","","2026-06-06T21:01:26.1134733-07:00"
"3DXTech","3DXTech","3DXTech Technical and Safety Data Sheets","","1.75","","technical_datasheet","THERMAX_PPSU_TDS_v3.pdf","https://www.3dxtech.com/pages/tech-data-sheets-safety-data-sheets","https://cdn.shopify.com/s/files/1/0625/4185/6821/files/THERMAX_PPSU_TDS_v3.pdf?v=1723942766","filament_datasheets\3DXTech\3DXTech - 3DXTech Technical and Safety Data Sheets - THERMAX_PPSU_TDS_v3 - technical_datasheet.pdf","EN","","downloaded","","2026-06-06T21:01:26.1134733-07:00"
"3DXTech","3DXTech","3DXTech Technical and Safety Data Sheets","","1.75","","technical_datasheet","THERMAX_PSU_TDS_v3.pdf","https://www.3dxtech.com/pages/tech-data-sheets-safety-data-sheets","https://cdn.shopify.com/s/files/1/0625/4185/6821/files/THERMAX_PSU_TDS_v3.pdf?v=1723942766","filament_datasheets\3DXTech\3DXTech - 3DXTech Technical and Safety Data Sheets - THERMAX_PSU_TDS_v3 - technical_datasheet.pdf","EN","","downloaded","","2026-06-06T21:01:26.1134733-07:00"
"3DXTech","3DXTech","3DXTech Technical and Safety Data Sheets","","1.75","","technical_datasheet","Thermax_TPI_TDS_TDS_v1.pdf","https://www.3dxtech.com/pages/tech-data-sheets-safety-data-sheets","https://cdn.shopify.com/s/files/1/0625/4185/6821/files/Thermax_TPI_TDS_TDS_v1.pdf?v=1723942769","filament_datasheets\3DXTech\3DXTech - 3DXTech Technical and Safety Data Sheets - Thermax_TPI_TDS_TDS_v1 - technical_datasheet.pdf","EN","","downloaded","","2026-06-06T21:01:26.1134733-07:00"
"3DXTech","3DXTech","3DXTech Technical and Safety Data Sheets","","1.75","","technical_datasheet","wearx_tds_FW_PA6_Copolymer_v1.0.pdf","https://www.3dxtech.com/pages/tech-data-sheets-safety-data-sheets","https://cdn.shopify.com/s/files/1/0625/4185/6821/files/wearx_tds_FW_PA6_Copolymer_v1.0.pdf?v=1728481558","filament_datasheets\3DXTech\3DXTech - 3DXTech Technical and Safety Data Sheets - wearx_tds_FW_PA6_Copolymer_v1.0 - technical_datasheet.pdf","EN","","downloaded","","2026-06-06T21:01:26.1134733-07:00"
"3DXTech","Triton3D","Triton3D Technical and Safety Data Sheets","","1.75","","technical_datasheet","Trilan_PC_TDS_v1.pdf","https://www.3dxtech.com/pages/triton3d-downloadable-tds-and-sds","https://cdn.shopify.com/s/files/1/0625/4185/6821/files/Trilan_PC_TDS_v1.pdf?v=1724507805","filament_datasheets\3DXTech\3DXTech - Triton3D Technical and Safety Data Sheets - Trilan_PC_TDS_v1 - technical_datasheet.pdf","EN","","downloaded","","2026-06-06T21:01:26.1134733-07:00"
"3DXTech","Triton3D","Triton3D Technical and Safety Data Sheets","","1.75","","technical_datasheet","TriMax_CF_ABS_TDS_v1.pdf","https://www.3dxtech.com/pages/triton3d-downloadable-tds-and-sds","https://cdn.shopify.com/s/files/1/0625/4185/6821/files/TriMax_CF_ABS_TDS_v1.pdf?v=1724507805","filament_datasheets\3DXTech\3DXTech - Triton3D Technical and Safety Data Sheets - TriMax_CF_ABS_TDS_v1 - technical_datasheet.pdf","EN","","downloaded","","2026-06-06T21:01:26.1134733-07:00"
"3DXTech","Triton3D","Triton3D Technical and Safety Data Sheets","","1.75","","technical_datasheet","TriStat_ESD_ABS_TDS_v1.pdf","https://www.3dxtech.com/pages/triton3d-downloadable-tds-and-sds","https://cdn.shopify.com/s/files/1/0625/4185/6821/files/TriStat_ESD_ABS_TDS_v1.pdf?v=1724507805","filament_datasheets\3DXTech\3DXTech - Triton3D Technical and Safety Data Sheets - TriStat_ESD_ABS_TDS_v1 - technical_datasheet.pdf","EN","","downloaded","","2026-06-06T21:01:26.1134733-07:00"
"3DXTech","Triton3D","Triton3D Technical and Safety Data Sheets","","1.75","","technical_datasheet","TriStat_ESD_PC_TDS_v1.pdf","https://www.3dxtech.com/pages/triton3d-downloadable-tds-and-sds","https://cdn.shopify.com/s/files/1/0625/4185/6821/files/TriStat_ESD_PC_TDS_v1.pdf?v=1724507805","filament_datasheets\3DXTech\3DXTech - Triton3D Technical and Safety Data Sheets - TriStat_ESD_PC_TDS_v1 - technical_datasheet.pdf","EN","","downloaded","","2026-06-06T21:01:26.1134733-07:00"
"3DXTech","Triton3D","Triton3D Technical and Safety Data Sheets","","1.75","","technical_datasheet","Triton_ABS_TDS_v1.pdf","https://www.3dxtech.com/pages/triton3d-downloadable-tds-and-sds","https://cdn.shopify.com/s/files/1/0625/4185/6821/files/Triton_ABS_TDS_v1.pdf?v=1724507805","filament_datasheets\3DXTech\3DXTech - Triton3D Technical and Safety Data Sheets - Triton_ABS_TDS_v1 - technical_datasheet.pdf","EN","","downloaded","","2026-06-06T21:01:26.1134733-07:00"
"3DXTech","Triton3D","Triton3D Technical and Safety Data Sheets","","1.75","","technical_datasheet","Triton_ASA_TDS_v1.pdf","https://www.3dxtech.com/pages/triton3d-downloadable-tds-and-sds","https://cdn.shopify.com/s/files/1/0625/4185/6821/files/Triton_ASA_TDS_v1.pdf?v=1724507805","filament_datasheets\3DXTech\3DXTech - Triton3D Technical and Safety Data Sheets - Triton_ASA_TDS_v1 - technical_datasheet.pdf","EN","","downloaded","","2026-06-06T21:01:26.1134733-07:00"
"3DXTech","Triton3D","Triton3D Technical and Safety Data Sheets","","1.75","","technical_datasheet","Triton_PC-ABS_TDS_v1.pdf","https://www.3dxtech.com/pages/triton3d-downloadable-tds-and-sds","https://cdn.shopify.com/s/files/1/0625/4185/6821/files/Triton_PC-ABS_TDS_v1.pdf?v=1724507805","filament_datasheets\3DXTech\3DXTech - Triton3D Technical and Safety Data Sheets - Triton_PC-ABS_TDS_v1 - technical_datasheet.pdf","EN","","downloaded","","2026-06-06T21:01:26.1134733-07:00"
"3DXTech","Triton3D","Triton3D Technical and Safety Data Sheets","","1.75","","technical_datasheet","Ultem_1010_TDS_v1.pdf","https://www.3dxtech.com/pages/triton3d-downloadable-tds-and-sds","https://cdn.shopify.com/s/files/1/0625/4185/6821/files/Ultem_1010_TDS_v1.pdf?v=1724507805","filament_datasheets\3DXTech\3DXTech - Triton3D Technical and Safety Data Sheets - Ultem_1010_TDS_v1 - technical_datasheet.pdf","EN","","downloaded","","2026-06-06T21:01:26.1134733-07:00"
"3DXTech","Triton3D","Triton3D Technical and Safety Data Sheets","","1.75","","technical_datasheet","Ultem_9095_TDS_v1.pdf","https://www.3dxtech.com/pages/triton3d-downloadable-tds-and-sds","https://cdn.shopify.com/s/files/1/0625/4185/6821/files/Ultem_9095_TDS_v1.pdf?v=1724507805","filament_datasheets\3DXTech\3DXTech - Triton3D Technical and Safety Data Sheets - Ultem_9095_TDS_v1 - technical_datasheet.pdf","EN","","downloaded","","2026-06-06T21:01:26.1134733-07:00"
"Bambu Lab","Bambu Lab","ABS","ABS","1.75","","technical_datasheet","Bambu_ABS_Technical_Data_Sheet_V3.pdf","https://bambulab-us.myshopify.com/products/abs-filament","https://cdn.shopify.com/s/files/1/0645/5876/0155/files/Bambu_ABS_Technical_Data_Sheet_V3.pdf","filament_datasheets\Bambu Lab\Bambu Lab - ABS - technical_datasheet.pdf","EN","","downloaded_existing","","2026-06-06T21:01:26.1134733-07:00"
"Bambu Lab","Bambu Lab","ABS-GF","ABS-GF","1.75","","technical_datasheet","Bambu_ABS-GF_Technical_Data_Sheet.pdf","https://bambulab-us.myshopify.com/products/abs-gf","https://cdn.shopify.com/s/files/1/0574/3116/2995/files/Bambu_ABS-GF_Technical_Data_Sheet.pdf?v=1713428682","filament_datasheets\Bambu Lab\Bambu Lab - ABS-GF - technical_datasheet.pdf","EN","","downloaded_existing","","2026-06-06T21:01:26.1134733-07:00"
"Bambu Lab","Bambu Lab","ASA","ASA","1.75","","technical_datasheet","Bambu_ASA_Technical_Data_Sheet.pdf","https://bambulab-us.myshopify.com/products/asa-filament","https://cdn.shopify.com/s/files/1/0645/5876/0155/files/Bambu_ASA_Technical_Data_Sheet.pdf","filament_datasheets\Bambu Lab\Bambu Lab - ASA - technical_datasheet.pdf","EN","","downloaded_existing","","2026-06-06T21:01:26.1134733-07:00"
"Bambu Lab","Bambu Lab","ASA Aero","ASA","1.75","","technical_datasheet","Bambu_ASA_Aero_Technical_Data_Sheet.pdf","https://bambulab-us.myshopify.com/products/asa-aero","https://cdn.shopify.com/s/files/1/0584/7236/6216/files/Bambu_ASA_Aero_Technical_Data_Sheet.pdf?v=1712823163","filament_datasheets\Bambu Lab\Bambu Lab - ASA Aero - technical_datasheet.pdf","EN","","downloaded_existing","","2026-06-06T21:01:26.1134733-07:00"
"Bambu Lab","Bambu Lab","ASA-CF","ASA-CF","1.75","","technical_datasheet","Bambus_ASA-CF_Technical_Data_Sheet.pdf","https://bambulab-us.myshopify.com/products/asa-cf","https://cdn.shopify.com/s/files/1/0584/7236/6216/files/Bambus_ASA-CF_Technical_Data_Sheet.pdf?v=1726741601","filament_datasheets\Bambu Lab\Bambu Lab - ASA-CF - technical_datasheet.pdf","EN","","downloaded_existing","","2026-06-06T21:01:26.1134733-07:00"
"Bambu Lab","Bambu Lab","PA6-CF","PA6-CF","1.75","","technical_datasheet","Bambu_PA6-CF_Technical_Data_Sheet-v2.pdf","https://bambulab-us.myshopify.com/products/pa6-cf","https://cdn.shopify.com/s/files/1/0651/1555/4032/files/Bambu_PA6-CF_Technical_Data_Sheet-v2.pdf","filament_datasheets\Bambu Lab\Bambu Lab - PA6-CF - technical_datasheet.pdf","EN","","downloaded_existing","","2026-06-06T21:01:26.1134733-07:00"
"Bambu Lab","Bambu Lab","PA6-GF","PA6-GF","1.75","","technical_datasheet","Bambu_PA6-GF_Technical_Data_Sheet.pdf","https://bambulab-us.myshopify.com/products/pa6-gf","https://cdn.shopify.com/s/files/1/0574/3116/2995/files/Bambu_PA6-GF_Technical_Data_Sheet.pdf?v=1710923932","filament_datasheets\Bambu Lab\Bambu Lab - PA6-GF - technical_datasheet.pdf","EN","","downloaded_existing","","2026-06-06T21:01:26.1134733-07:00"
"Bambu Lab","Bambu Lab","PAHT-CF","PAHT-CF","1.75","","technical_datasheet","Bambu_PAHT-CF_Technical_Data_Sheet_V2.pdf","https://bambulab-us.myshopify.com/products/paht-cf","https://cdn.shopify.com/s/files/1/0584/7236/6216/files/Bambu_PAHT-CF_Technical_Data_Sheet_V2.pdf","filament_datasheets\Bambu Lab\Bambu Lab - PAHT-CF - technical_datasheet.pdf","EN","","downloaded_existing","","2026-06-06T21:01:26.1134733-07:00"
"Bambu Lab","Bambu Lab","PC FR","PC FR","1.75","","technical_datasheet","Bambu_PC_FR_Technical_Data_Sheet.pdf","https://bambulab-us.myshopify.com/products/pc-fr","https://cdn.shopify.com/s/files/1/0584/7236/6216/files/Bambu_PC_FR_Technical_Data_Sheet.pdf?v=1734509576","filament_datasheets\Bambu Lab\Bambu Lab - PC FR - technical_datasheet.pdf","EN","","downloaded_existing","","2026-06-06T21:01:26.1134733-07:00"
"Bambu Lab","Bambu Lab","PET-CF","PET-CF","1.75","","technical_datasheet","Bambu_PET-CF_Technical_Data_Sheet.pdf","https://bambulab-us.myshopify.com/products/pet-cf","https://cdn.shopify.com/s/files/1/0645/5876/0155/files/Bambu_PET-CF_Technical_Data_Sheet.pdf?v=1718702203","filament_datasheets\Bambu Lab\Bambu Lab - PET-CF - technical_datasheet.pdf","EN","","downloaded_existing","","2026-06-06T21:01:26.1134733-07:00"
"Bambu Lab","Bambu Lab","PETG Translucent","PETG","1.75","","technical_datasheet","Bambu_PETG_Translucent_Technical_Data_Sheet.pdf","https://bambulab-us.myshopify.com/products/petg-translucent","https://cdn.shopify.com/s/files/1/0574/3116/2995/files/Bambu_PETG_Translucent_Technical_Data_Sheet.pdf?v=1704680051","filament_datasheets\Bambu Lab\Bambu Lab - PETG Translucent - technical_datasheet.pdf","EN","","downloaded_existing","","2026-06-06T21:01:26.1134733-07:00"
"Bambu Lab","Bambu Lab","PETG-CF","PETG-CF","1.75","","technical_datasheet","Bambu_PETG-CF_Technical_Data_Sheet_V2.pdf","https://bambulab-us.myshopify.com/products/petg-cf","https://cdn.shopify.com/s/files/1/0584/7236/6216/files/Bambu_PETG-CF_Technical_Data_Sheet_V2.pdf","filament_datasheets\Bambu Lab\Bambu Lab - PETG-CF - technical_datasheet.pdf","EN","","downloaded_existing","","2026-06-06T21:01:26.1134733-07:00"
"Bambu Lab","Bambu Lab","PLA Aero","PLA","1.75","","technical_datasheet","Bambu_PLA_Aero_Technical_Data_Sheet.pdf","https://bambulab-us.myshopify.com/products/pla-aero","https://cdn.shopify.com/s/files/1/0574/3116/2995/files/Bambu_PLA_Aero_Technical_Data_Sheet.pdf?v=1715335547","filament_datasheets\Bambu Lab\Bambu Lab - PLA Aero - technical_datasheet.pdf","EN","","downloaded_existing","","2026-06-06T21:01:26.1134733-07:00"
"Bambu Lab","Bambu Lab","PLA Basic","PLA","1.75","","technical_datasheet","Bambu_PLA_Basic_Technical_Data_Sheet_bf3411ce-be39-4db7-9669-1b4671d2196b.pdf","https://bambulab-us.myshopify.com/products/pla-basic-filament","https://cdn.shopify.com/s/files/1/0584/7236/6216/files/Bambu_PLA_Basic_Technical_Data_Sheet_bf3411ce-be39-4db7-9669-1b4671d2196b.pdf?v=1734060943","filament_datasheets\Bambu Lab\Bambu Lab - PLA Basic - technical_datasheet.pdf","EN","","downloaded_existing","","2026-06-06T21:01:26.1134733-07:00"
"Bambu Lab","Bambu Lab","PLA Basic Gradient","PLA","1.75","","technical_datasheet","Bambu_PLA_Basic_Gradient_Technical_Data_Sheet.pdf","https://bambulab-us.myshopify.com/products/pla-basic-gradient","https://cdn.shopify.com/s/files/1/0584/7236/6216/files/Bambu_PLA_Basic_Gradient_Technical_Data_Sheet.pdf","filament_datasheets\Bambu Lab\Bambu Lab - PLA Basic Gradient - technical_datasheet.pdf","EN","","downloaded_existing","","2026-06-06T21:01:26.1134733-07:00"
"Bambu Lab","Bambu Lab","PLA Galaxy","PLA","1.75","","technical_datasheet","Bambu_PLA_Galaxy_Technical_Data_Sheet.pdf","https://bambulab-us.myshopify.com/products/pla-galaxy","https://cdn.shopify.com/s/files/1/0584/7236/6216/files/Bambu_PLA_Galaxy_Technical_Data_Sheet.pdf?v=1709278402","filament_datasheets\Bambu Lab\Bambu Lab - PLA Galaxy - technical_datasheet.pdf","EN","","downloaded_existing","","2026-06-06T21:01:26.1134733-07:00"
"Bambu Lab","Bambu Lab","PLA Glow","PLA","1.75","","technical_datasheet","Bambu_PLA_Glow_Technical_Data_Sheet.pdf","https://bambulab-us.myshopify.com/products/pla-glow","https://cdn.shopify.com/s/files/1/0573/5320/7868/files/Bambu_PLA_Glow_Technical_Data_Sheet.pdf?v=1701764565","filament_datasheets\Bambu Lab\Bambu Lab - PLA Glow - technical_datasheet.pdf","EN","","downloaded_existing","","2026-06-06T21:01:26.1134733-07:00"
"Bambu Lab","Bambu Lab","PLA Marble","PLA","1.75","","technical_datasheet","Bambu_PLA_Marble_Technical_Data_Sheet.pdf","https://bambulab-us.myshopify.com/products/pla-marble","https://cdn.shopify.com/s/files/1/0645/5876/0155/files/Bambu_PLA_Marble_Technical_Data_Sheet.pdf","filament_datasheets\Bambu Lab\Bambu Lab - PLA Marble - technical_datasheet.pdf","EN","","downloaded_existing","","2026-06-06T21:01:26.1134733-07:00"
"Bambu Lab","Bambu Lab","PLA Matte","PLA","1.75","","technical_datasheet","Bambu_PLA_Matte_Technical_Data_Sheet_60a941f9-8495-48ec-b1b0-52e07ff0f4c2.pdf","https://bambulab-us.myshopify.com/products/pla-matte","https://cdn.shopify.com/s/files/1/0584/7236/6216/files/Bambu_PLA_Matte_Technical_Data_Sheet_60a941f9-8495-48ec-b1b0-52e07ff0f4c2.pdf?v=1734060943","filament_datasheets\Bambu Lab\Bambu Lab - PLA Matte - technical_datasheet.pdf","EN","","downloaded_existing","","2026-06-06T21:01:26.1134733-07:00"
"Bambu Lab","Bambu Lab","PLA Metal","PLA","1.75","","technical_datasheet","Bambu_PLA_Metal_Technical_Data_Sheet.pdf","https://bambulab-us.myshopify.com/products/pla-metal","https://cdn.shopify.com/s/files/1/0645/5876/0155/files/Bambu_PLA_Metal_Technical_Data_Sheet.pdf?v=1695182427","filament_datasheets\Bambu Lab\Bambu Lab - PLA Metal - technical_datasheet.pdf","EN","","downloaded_existing","","2026-06-06T21:01:26.1134733-07:00"
"Bambu Lab","Bambu Lab","PLA Silk Dual Color","PLA","1.75","","technical_datasheet","Bambu_PLA_Silk_Dual_Color_Technical_Data_Sheet.pdf","https://bambulab-us.myshopify.com/products/pla-silk-dual-color","https://cdn.shopify.com/s/files/1/0584/7236/6216/files/Bambu_PLA_Silk_Dual_Color_Technical_Data_Sheet.pdf?v=1709276099","filament_datasheets\Bambu Lab\Bambu Lab - PLA Silk Dual Color - technical_datasheet.pdf","EN","","downloaded_existing","","2026-06-06T21:01:26.1134733-07:00"
"Bambu Lab","Bambu Lab","PLA Silk+","PLA","1.75","","technical_datasheet","Bambu_PLA_Silk__Technical_Data_Sheet.pdf","https://bambulab-us.myshopify.com/products/pla-silk-upgrade","https://cdn.shopify.com/s/files/1/0584/7236/6216/files/Bambu_PLA_Silk__Technical_Data_Sheet.pdf?v=1733472353","filament_datasheets\Bambu Lab\Bambu Lab - PLA Silk+ - technical_datasheet.pdf","EN","","downloaded_existing","","2026-06-06T21:01:26.1134733-07:00"
"Bambu Lab","Bambu Lab","PLA Sparkle","PLA","1.75","","technical_datasheet","Bambu_PLA_Sparkle-Technical_Data_Sheet.pdf","https://bambulab-us.myshopify.com/products/pla-sparkle","https://cdn.shopifycdn.net/s/files/1/0584/7236/6216/files/Bambu_PLA_Sparkle-Technical_Data_Sheet.pdf","filament_datasheets\Bambu Lab\Bambu Lab - PLA Sparkle - technical_datasheet.pdf","EN","","downloaded_existing","","2026-06-06T21:01:26.1134733-07:00"
"Bambu Lab","Bambu Lab","PLA Wood","PLA","1.75","","technical_datasheet","Bambus_PLA_Wood_Technical_Data_Sheet_f0077fb2-f58a-4dee-bd33-6c71dd43b8da.pdf","https://bambulab-us.myshopify.com/products/pla-wood","https://cdn.shopify.com/s/files/1/0584/7236/6216/files/Bambus_PLA_Wood_Technical_Data_Sheet_f0077fb2-f58a-4dee-bd33-6c71dd43b8da.pdf?v=1738894372","filament_datasheets\Bambu Lab\Bambu Lab - PLA Wood - technical_datasheet.pdf","EN","","downloaded_existing","","2026-06-06T21:01:26.1134733-07:00"
"Bambu Lab","Bambu Lab","PLA-CF","PLA-CF","1.75","","technical_datasheet","Bambu_PLA-CF_Technical_Data_Sheet_V3.pdf","https://bambulab-us.myshopify.com/products/pla-cf","https://cdn.shopify.com/s/files/1/0584/7236/6216/files/Bambu_PLA-CF_Technical_Data_Sheet_V3.pdf","filament_datasheets\Bambu Lab\Bambu Lab - PLA-CF - technical_datasheet.pdf","EN","","downloaded_existing","","2026-06-06T21:01:26.1134733-07:00"
"Bambu Lab","Bambu Lab","PPA-CF","PPA-CF","1.75","","technical_datasheet","Bambus_PPA-CF_Technical_Data_Sheet_2ab26420-79f5-4692-888e-090006814050.pdf","https://bambulab-us.myshopify.com/products/ppa-cf","https://cdn.shopify.com/s/files/1/0584/7236/6216/files/Bambus_PPA-CF_Technical_Data_Sheet_2ab26420-79f5-4692-888e-090006814050.pdf?v=1724815044","filament_datasheets\Bambu Lab\Bambu Lab - PPA-CF - technical_datasheet.pdf","EN","","downloaded_existing","","2026-06-06T21:01:26.1134733-07:00"
"Bambu Lab","Bambu Lab","PPS-CF","PPS-CF","1.75","","technical_datasheet","Bambu_PPS-CF_Technical_Data_Sheet.pdf","https://bambulab-us.myshopify.com/products/pps-cf","https://cdn.shopify.com/s/files/1/0574/3116/2995/files/Bambu_PPS-CF_Technical_Data_Sheet.pdf?v=1724381950","filament_datasheets\Bambu Lab\Bambu Lab - PPS-CF - technical_datasheet.pdf","EN","","downloaded_existing","","2026-06-06T21:01:26.1134733-07:00"
"Bambu Lab","Bambu Lab","PVA","PVA","1.75","","technical_datasheet","Bambu_PVA_Technical_Data_Sheet.pdf","https://bambulab-us.myshopify.com/products/pva","https://cdn.shopify.com/s/files/1/0651/1555/4032/files/Bambu_PVA_Technical_Data_Sheet.pdf?v=1715140818","filament_datasheets\Bambu Lab\Bambu Lab - PVA - technical_datasheet.pdf","EN","","downloaded_existing","","2026-06-06T21:01:26.1134733-07:00"
"Bambu Lab","Bambu Lab","Support for ABS","ABS","1.75","","technical_datasheet","Bambus_Support_for_ABS_Technical_Data_Sheet.pdf","https://bambulab-us.myshopify.com/products/support-for-abs","https://cdn.shopify.com/s/files/1/0584/7236/6216/files/Bambus_Support_for_ABS_Technical_Data_Sheet.pdf?v=1721786140","filament_datasheets\Bambu Lab\Bambu Lab - Support for ABS - technical_datasheet.pdf","EN","","downloaded_existing","","2026-06-06T21:01:26.1134733-07:00"
"Bambu Lab","Bambu Lab","Support for PA/PET","PP","1.75","","technical_datasheet","Bambu_Support_for_PA_and_PET_Technical_Data_Sheet.pdf","https://bambulab-us.myshopify.com/products/support-for-pa-pet","https://cdn.shopifycdn.net/s/files/1/0584/7236/6216/files/Bambu_Support_for_PA_and_PET_Technical_Data_Sheet.pdf","filament_datasheets\Bambu Lab\Bambu Lab - Support for PA PET - technical_datasheet.pdf","EN","","downloaded_existing","","2026-06-06T21:01:26.1134733-07:00"
"Bambu Lab","Bambu Lab","Support for PLA/PETG","PETG","1.75","","technical_datasheet","Bambu_Support_for_PLA_PETG_Technical_Data_Sheet.pdf","https://bambulab-us.myshopify.com/products/support-for-pla-petg","https://cdn.shopify.com/s/files/1/0584/7236/6216/files/Bambu_Support_for_PLA_PETG_Technical_Data_Sheet.pdf?v=1721103305","filament_datasheets\Bambu Lab\Bambu Lab - Support for PLA PETG - technical_datasheet.pdf","EN","","downloaded_existing","","2026-06-06T21:01:26.1134733-07:00"
"Bambu Lab","Bambu Lab","TPU 95A HF","TPU","1.75","","technical_datasheet","Bambu_TPU_95A_HF_Technical_Data_Sheet.pdf","https://bambulab-us.myshopify.com/products/tpu-95a-hf","https://cdn.shopify.com/s/files/1/0584/7236/6216/files/Bambu_TPU_95A_HF_Technical_Data_Sheet.pdf?v=1700101819","filament_datasheets\Bambu Lab\Bambu Lab - TPU 95A HF - technical_datasheet.pdf","EN","","downloaded_existing","","2026-06-06T21:01:26.1134733-07:00"
"Bambu Lab","Bambu Lab","TPU for AMS","TPU","1.75","","technical_datasheet","Bambu_TPU_for_AMS_Technical_Data_Sheet.pdf","https://bambulab-us.myshopify.com/products/tpu-for-ams","https://cdn.shopify.com/s/files/1/0584/7236/6216/files/Bambu_TPU_for_AMS_Technical_Data_Sheet.pdf?v=1730944629","filament_datasheets\Bambu Lab\Bambu Lab - TPU for AMS - technical_datasheet.pdf","EN","","downloaded_existing","","2026-06-06T21:01:26.1134733-07:00"
"Elegoo","Elegoo","","","1.75","","technical_datasheet","","https://www.elegoo.com/collections/filaments","","","EN","","no_official_tds_found","Searches for official Elegoo filament TDS/material datasheet PDFs did not find a downloadable TDS; product pages expose specifications instead.","2026-06-06T21:01:26.1134733-07:00"
"eSUN","eSUN","","","1.75","","technical_datasheet","","https://www.esun3d.com/zldownload_catalog/filaments_tds/","","","EN","","source_fetch_failed","The operation has timed out.","2026-06-06T21:01:26.1134733-07:00"
"eSUN","eSUN","","","1.75","","technical_datasheet","","https://www.esun3d.com/zldownload_catalog/filaments_tds/page/2/","","","EN","","source_fetch_failed","The operation has timed out.","2026-06-06T21:01:26.1134733-07:00"
"eSUN","eSUN","","","1.75","","technical_datasheet","","https://www.esun3d.com/zldownload_catalog/filaments_tds/page/3/","","","EN","","source_fetch_failed","The operation has timed out.","2026-06-06T21:01:26.1134733-07:00"
"eSUN","eSUN","eSUN_ABS-Filament_TDS_V4.01.pdf","ABS","1.75","","technical_datasheet","eSUN_ABS-Filament_TDS_V4.01.pdf","https://www.esun3d.com/zldownload_catalog/filaments_tds/","https://www.esun3d.com/uploads/eSUN_ABS-Filament_TDS_V4.01.pdf","filament_datasheets\eSUN\eSUN - eSUN_ABS-Filament_TDS_V4.01.pdf - technical_datasheet.pdf","EN","","downloaded_existing","fallback official URL from indexed search result","2026-06-06T21:01:26.1134733-07:00"
"eSUN","eSUN","eSUN_ePLA-Gloss-Filament_TDS_V4.0.pdf","PLA","1.75","","technical_datasheet","eSUN_ePLA-Gloss-Filament_TDS_V4.0.pdf","https://www.esun3d.com/zldownload_catalog/filaments_tds/","https://www.esun3d.com/uploads/eSUN_ePLA-Gloss-Filament_TDS_V4.0.pdf","filament_datasheets\eSUN\eSUN - eSUN_ePLA-Gloss-Filament_TDS_V4.0.pdf - technical_datasheet.pdf","EN","","downloaded_existing","fallback official URL from indexed search result","2026-06-06T21:01:26.1134733-07:00"
"eSUN","eSUN","eSUN_PETG%2BHS-Filament_TDS_V1.0.pdf","PETG","1.75","","technical_datasheet","eSUN_PETG%2BHS-Filament_TDS_V1.0.pdf","https://www.esun3d.com/zldownload_catalog/filaments_tds/","https://www.esun3d.com/uploads/eSUN_PETG%2BHS-Filament_TDS_V1.0.pdf","filament_datasheets\eSUN\eSUN - eSUN_PETG%2BHS-Filament_TDS_V1.0.pdf - technical_datasheet.pdf","EN","","downloaded_existing","fallback official URL from indexed search result","2026-06-06T21:01:26.1134733-07:00"
"eSUN","eSUN","eSUN_PLA-Filament_TDS_V4.0.pdf","PLA","1.75","","technical_datasheet","eSUN_PLA-Filament_TDS_V4.0.pdf","https://www.esun3d.com/zldownload_catalog/filaments_tds/","https://www.esun3d.com/uploads/eSUN_PLA-Filament_TDS_V4.0.pdf","filament_datasheets\eSUN\eSUN - eSUN_PLA-Filament_TDS_V4.0.pdf - technical_datasheet.pdf","EN","","downloaded_existing","fallback official URL from indexed search result","2026-06-06T21:01:26.1134733-07:00"
"eSUN","eSUN","PLA%2B-TDS-EN-.pdf","PLA","1.75","","technical_datasheet","PLA%2B-TDS-EN-.pdf","https://www.esun3d.com/zldownload_catalog/filaments_tds/","https://www.esun3d.com/uploads/PLA%2B-TDS-EN-.pdf","filament_datasheets\eSUN\eSUN - PLA%2B-TDS-EN-.pdf - technical_datasheet.pdf","EN","","downloaded_existing","fallback official URL from indexed search result","2026-06-06T21:01:26.1134733-07:00"
"Fiberlogy","Fiberlogy","Easy PLA Filament - 1.75 mm - 1 kg","PLA","1.75","","technical_datasheet","Fiberlogy_Easy_PLA_BambuLab.zip","https://fiberlogy.com/en_US/p/Easy-PLA-Filament-1.75-mm-1-kg/804","https://fiberlogy.com/en_US/p/file/a4cbef097495b1cd15167497ad258a75/Fiberlogy_Easy_PLA_BambuLab.zip","filament_datasheets\Fiberlogy\Fiberlogy - Easy PLA Filament - 1.75 mm - 1 kg - technical_datasheet.zip","EN","","downloaded_existing","","2026-06-06T21:01:26.1134733-07:00"
"Fiberlogy","Fiberlogy","Easy PLA Filament - 1.75 mm - 1 kg","PLA","1.75","","technical_datasheet","FIBERLOGY_EASYPLA_TDS.pdf","https://fiberlogy.com/en_US/p/Easy-PLA-Filament-1.75-mm-1-kg/804","https://fiberlogy.com/en_US/p/file/d853b09a82c3034ee8c9924db4539a92/FIBERLOGY_EASYPLA_TDS.pdf","filament_datasheets\Fiberlogy\Fiberlogy - Easy PLA Filament - 1.75 mm - 1 kg - technical_datasheet.pdf","EN","","downloaded_existing","","2026-06-06T21:01:26.1134733-07:00"
"Fiberlogy","Fiberlogy","Impact PLA Filament - 1.75 mm - 0.85 kg","PLA","1.75","","technical_datasheet","Fiberlogy_Impact_PLA_BambuLab.zip","https://fiberlogy.com/en/fiberlogy-filaments/impact-pla-plus-filament/","https://fiberlogy.com/en_US/p/file/aa462092bd525dcac4dfc6dcc5f9c225/Fiberlogy_Impact_PLA_BambuLab.zip","filament_datasheets\Fiberlogy\Fiberlogy - Impact PLA Filament - 1.75 mm - 0.85 kg - technical_datasheet.zip","EN","","downloaded_existing","","2026-06-06T21:01:26.1134733-07:00"
"Fiberlogy","Fiberlogy","Impact PLA Filament - 1.75 mm - 0.85 kg","PLA","1.75","","technical_datasheet","FIBERLOGY_IMPACTPLA_TDS.pdf","https://fiberlogy.com/en/fiberlogy-filaments/impact-pla-plus-filament/","https://fiberlogy.com/en_US/p/file/51e77faa4ffa42ab7a5dec5050d81b43/FIBERLOGY_IMPACTPLA_TDS.pdf","filament_datasheets\Fiberlogy\Fiberlogy - Impact PLA Filament - 1.75 mm - 0.85 kg - technical_datasheet.pdf","EN","","downloaded_existing","","2026-06-06T21:01:26.1134733-07:00"
"Fiberlogy","Fiberlogy","PLA Mineral Filament - 1.75 mm - 1 kg","PLA","1.75","","technical_datasheet","FIBERLOGY_PLAMINERAL_TDS.pdf","https://fiberlogy.com/en_US/p/PLA-Mineral-Filament-1.75-mm-1-kg/824","https://fiberlogy.com/en_US/p/file/6b12c0ba133e025add000d133b7f1b5f/FIBERLOGY_PLAMINERAL_TDS.pdf","filament_datasheets\Fiberlogy\Fiberlogy - PLA Mineral Filament - 1.75 mm - 1 kg - technical_datasheet.pdf","EN","","downloaded_existing","","2026-06-06T21:01:26.1134733-07:00"
"Fiberlogy","Fiberlogy","PLA+CF Filament - 1.75 mm - 0.85 kg","PLA+","1.75","","technical_datasheet","Fiberlogy_PLA_CF_BambuLab.zip","https://fiberlogy.com/en/fiberlogy-filaments/pla-cf/","https://fiberlogy.com/en_US/p/file/25d3d989612d821bda94322675526d01/Fiberlogy_PLA_CF_BambuLab.zip","filament_datasheets\Fiberlogy\Fiberlogy - PLA+CF Filament - 1.75 mm - 0.85 kg - technical_datasheet.zip","EN","","downloaded_existing","","2026-06-06T21:01:26.1134733-07:00"
"Fiberlogy","Fiberlogy","PLA+CF Filament - 1.75 mm - 0.85 kg","PLA+","1.75","","technical_datasheet","FIBERLOGY_PLACF_TDS.pdf","https://fiberlogy.com/en/fiberlogy-filaments/pla-cf/","https://fiberlogy.com/en_US/p/file/8ce3ca95fac66e20ed5856814f0e9454/FIBERLOGY_PLACF_TDS.pdf","filament_datasheets\Fiberlogy\Fiberlogy - PLA+CF Filament - 1.75 mm - 0.85 kg - technical_datasheet.pdf","EN","","downloaded_existing","","2026-06-06T21:01:26.1134733-07:00"
"Fiberlogy","Fiberlogy","PLA+CF Filament - 1.75 mm - 0.85 kg","PLA+","1.75","","technical_datasheet","FiberlogyCatalog.pdf","https://fiberlogy.com/en/fiberlogy-filaments/pla-cf/","https://fiberlogy.com/upload/FiberlogyCatalog.pdf","filament_datasheets\Fiberlogy\Fiberlogy - PLA+CF Filament - 1.75 mm - 0.85 kg - FiberlogyCatalog - technical_datasheet.pdf","EN","","downloaded","","2026-06-06T21:01:26.1134733-07:00"
"Fiberlogy","Fiberlogy","PLA+CF Filament - 1.75 mm - 0.85 kg","PLA+","1.75","","technical_datasheet","FiberlogyLogo.zip","https://fiberlogy.com/en/fiberlogy-filaments/pla-cf/","https://fiberlogy.com/upload/FiberlogyLogo.zip","filament_datasheets\Fiberlogy\Fiberlogy - PLA+CF Filament - 1.75 mm - 0.85 kg - FiberlogyLogo - technical_datasheet.zip","EN","","downloaded_zip_extracted","","2026-06-06T21:01:26.1134733-07:00"
"Fiberlogy","Fiberlogy","PLA+CF Filament - 1.75 mm - 0.85 kg","PLA+","1.75","","technical_datasheet","polityka-prywatnosci-dla-osob-odwiedzajacych-sklepy-internetowe.pdf","https://fiberlogy.com/en/fiberlogy-filaments/pla-cf/","https://www.shoper.pl/static/dokumenty/polityka-prywatnosci-dla-osob-odwiedzajacych-sklepy-internetowe.pdf","filament_datasheets\Fiberlogy\Fiberlogy - PLA+CF Filament - 1.75 mm - 0.85 kg - polityka-prywatnosci-dla-osob-odwiedzajacych-sklepy-internetowe - technical_datasheet.pdf","EN","","downloaded","","2026-06-06T21:01:26.1134733-07:00"
"FormFutura","FormFutura","","","1.75","","technical_datasheet","","https://www.formfutura.com/filaments/abs/premium-abs","","","EN","","source_fetch_failed","The request was aborted: The connection was closed unexpectedly.","2026-06-06T21:01:26.1134733-07:00"
"FormFutura","FormFutura","CarbonFil","","1.75","","technical_datasheet","formfutura-tds-carbonfil.pdf","https://www.formfutura.com/filaments/composite-filaments/carbonfil","https://www.formfutura.com/datasheets/formfutura-tds-carbonfil.pdf","","EN","","download_failed","Official FormFutura datasheets URL. | The request was aborted: The connection was closed unexpectedly.","2026-06-06T21:01:26.1134733-07:00"
"FormFutura","FormFutura","EasyFil ePLA","PLA","1.75","","technical_datasheet","formfutura-tds-easyfilepla.pdf","https://www.formfutura.com/product/easyfil-epla/","https://www.formfutura.com/datasheets/formfutura-tds-easyfilepla.pdf","","EN","","download_failed","Official FormFutura datasheets URL. | The request was aborted: The connection was closed unexpectedly.","2026-06-06T21:01:26.1134733-07:00"
"FormFutura","FormFutura","HDglass","","1.75","","technical_datasheet","formfutura-tds-hdglass.pdf","https://www.formfutura.com/product/hdglass","https://www.formfutura.com/datasheets/formfutura-tds-hdglass.pdf","","EN","","download_failed","Official FormFutura datasheets URL. | The request was aborted: The connection was closed unexpectedly.","2026-06-06T21:01:26.1134733-07:00"
"FormFutura","FormFutura","Premium ABS","ABS","1.75","","technical_datasheet","formfutura-tds-premiumabs.pdf","https://www.formfutura.com/filaments/abs/premium-abs","https://www.formfutura.com/datasheets/formfutura-tds-premiumabs.pdf","","EN","","download_failed","Official FormFutura datasheets URL. | The request was aborted: The connection was closed unexpectedly.","2026-06-06T21:01:26.1134733-07:00"
"FormFutura","FormFutura","Premium PLA CF03","PLA","1.75","","technical_datasheet","formfutura-tds-premiumplacf03.pdf","https://www.formfutura.com/filaments/premium-pla-cf03","https://www.formfutura.com/datasheets/formfutura-tds-premiumplacf03.pdf","","EN","","download_failed","Official FormFutura datasheets URL. | The request was aborted: The connection was closed unexpectedly.","2026-06-06T21:01:26.1134733-07:00"
"MatterHackers","MatterHackers","Build Series High Speed PLA","PLA","1.75","","technical_datasheet","TwUkgy","https://www.matterhackers.com/store/c/mh-build-series-pla","https://www.matterhackers.com/r/TwUkgy","filament_datasheets\MatterHackers\MatterHackers - Build Series High Speed PLA - technical_datasheet.pdf","EN","","downloaded_existing","Official MatterHackers TDS shortlink.","2026-06-06T21:01:26.1134733-07:00"
"MatterHackers","MatterHackers","Build Series PETG","PETG","1.75","","technical_datasheet","1TTVZU","https://www.matterhackers.com/store/c/mh-build-series-petg","https://www.matterhackers.com/r/1TTVZU","filament_datasheets\MatterHackers\MatterHackers - Build Series PETG - technical_datasheet.pdf","EN","","downloaded_existing","Official MatterHackers TDS shortlink.","2026-06-06T21:01:26.1134733-07:00"
"MatterHackers","MatterHackers","Build Series PLA","PLA","1.75","","technical_datasheet","vQ0bKO.pdf","https://www.matterhackers.com/store/c/mh-build-series-pla","https://www.matterhackers.com/r/vQ0bKO.pdf","filament_datasheets\MatterHackers\MatterHackers - Build Series PLA - technical_datasheet.pdf","EN","","downloaded_existing","Official MatterHackers TDS shortlink.","2026-06-06T21:01:26.1134733-07:00"
"MatterHackers","MatterHackers","PRO Series PLA","PLA","1.75","","technical_datasheet","PjYTX0.pdf","https://www.matterhackers.com/store/c/pro-series-pla","https://www.matterhackers.com/r/PjYTX0.pdf","filament_datasheets\MatterHackers\MatterHackers - PRO Series PLA - technical_datasheet.pdf","EN","","downloaded_existing","Official MatterHackers TDS shortlink.","2026-06-06T21:01:26.1134733-07:00"
"Polymaker","Polymaker","CosPLA™","PLA","1.75","","technical_datasheet","Polymaker - CosPLA™ - technical_datasheet.pdf","https://wiki.polymaker.com/polymaker-products/more-about-our-products/documents/technical-data-sheets","","filament_datasheets\Polymaker\Polymaker - CosPLA™ - technical_datasheet.pdf","EN","","downloaded_existing","Existing Polymaker PDFs retained from the official wiki crawl.","2026-06-06T21:01:26.1134733-07:00"
"Polymaker","Polymaker","Draft PLA","PLA","1.75","","technical_datasheet","Polymaker - Draft PLA - technical_datasheet.pdf","https://wiki.polymaker.com/polymaker-products/more-about-our-products/documents/technical-data-sheets","","filament_datasheets\Polymaker\Polymaker - Draft PLA - technical_datasheet.pdf","EN","","downloaded_existing","Existing Polymaker PDFs retained from the official wiki crawl.","2026-06-06T21:01:26.1134733-07:00"
"Polymaker","Polymaker","Fiberon™ ASA-CF08","ASA-CF","1.75","","technical_datasheet","Polymaker - Fiberon™ ASA-CF08 - technical_datasheet.pdf","https://wiki.polymaker.com/polymaker-products/more-about-our-products/documents/technical-data-sheets","","filament_datasheets\Polymaker\Polymaker - Fiberon™ ASA-CF08 - technical_datasheet.pdf","EN","","downloaded_existing","Existing Polymaker PDFs retained from the official wiki crawl.","2026-06-06T21:01:26.1134733-07:00"
"Polymaker","Polymaker","Fiberon™ PA12-CF10","","1.75","","technical_datasheet","Polymaker - Fiberon™ PA12-CF10 - technical_datasheet.pdf","https://wiki.polymaker.com/polymaker-products/more-about-our-products/documents/technical-data-sheets","","filament_datasheets\Polymaker\Polymaker - Fiberon™ PA12-CF10 - technical_datasheet.pdf","EN","","downloaded_existing","Existing Polymaker PDFs retained from the official wiki crawl.","2026-06-06T21:01:26.1134733-07:00"
"Polymaker","Polymaker","Fiberon™ PA612-CF15","","1.75","","technical_datasheet","Polymaker - Fiberon™ PA612-CF15 - technical_datasheet.pdf","https://wiki.polymaker.com/polymaker-products/more-about-our-products/documents/technical-data-sheets","","filament_datasheets\Polymaker\Polymaker - Fiberon™ PA612-CF15 - technical_datasheet.pdf","EN","","downloaded_existing","Existing Polymaker PDFs retained from the official wiki crawl.","2026-06-06T21:01:26.1134733-07:00"
"Polymaker","Polymaker","Fiberon™ PA612-ESD","","1.75","","technical_datasheet","Polymaker - Fiberon™ PA612-ESD - technical_datasheet.pdf","https://wiki.polymaker.com/polymaker-products/more-about-our-products/documents/technical-data-sheets","","filament_datasheets\Polymaker\Polymaker - Fiberon™ PA612-ESD - technical_datasheet.pdf","EN","","downloaded_existing","Existing Polymaker PDFs retained from the official wiki crawl.","2026-06-06T21:01:26.1134733-07:00"
"Polymaker","Polymaker","Fiberon™ PA6-CF20","PA6-CF","1.75","","technical_datasheet","Polymaker - Fiberon™ PA6-CF20 - technical_datasheet.pdf","https://wiki.polymaker.com/polymaker-products/more-about-our-products/documents/technical-data-sheets","","filament_datasheets\Polymaker\Polymaker - Fiberon™ PA6-CF20 - technical_datasheet.pdf","EN","","downloaded_existing","Existing Polymaker PDFs retained from the official wiki crawl.","2026-06-06T21:01:26.1134733-07:00"
"Polymaker","Polymaker","Fiberon™ PA6-GF25","PA6-GF","1.75","","technical_datasheet","Polymaker - Fiberon™ PA6-GF25 - technical_datasheet.pdf","https://wiki.polymaker.com/polymaker-products/more-about-our-products/documents/technical-data-sheets","","filament_datasheets\Polymaker\Polymaker - Fiberon™ PA6-GF25 - technical_datasheet.pdf","EN","","downloaded_existing","Existing Polymaker PDFs retained from the official wiki crawl.","2026-06-06T21:01:26.1134733-07:00"
"Polymaker","Polymaker","Fiberon™ PET-CF17","PET-CF","1.75","","technical_datasheet","Polymaker - Fiberon™ PET-CF17 - technical_datasheet.pdf","https://wiki.polymaker.com/polymaker-products/more-about-our-products/documents/technical-data-sheets","","filament_datasheets\Polymaker\Polymaker - Fiberon™ PET-CF17 - technical_datasheet.pdf","EN","","downloaded_existing","Existing Polymaker PDFs retained from the official wiki crawl.","2026-06-06T21:01:26.1134733-07:00"
"Polymaker","Polymaker","Fiberon™ PETG-ESD","PETG","1.75","","technical_datasheet","Polymaker - Fiberon™ PETG-ESD - technical_datasheet.pdf","https://wiki.polymaker.com/polymaker-products/more-about-our-products/documents/technical-data-sheets","","filament_datasheets\Polymaker\Polymaker - Fiberon™ PETG-ESD - technical_datasheet.pdf","EN","","downloaded_existing","Existing Polymaker PDFs retained from the official wiki crawl.","2026-06-06T21:01:26.1134733-07:00"
"Polymaker","Polymaker","Fiberon™ PET-GF15","","1.75","","technical_datasheet","Polymaker - Fiberon™ PET-GF15 - technical_datasheet.pdf","https://wiki.polymaker.com/polymaker-products/more-about-our-products/documents/technical-data-sheets","","filament_datasheets\Polymaker\Polymaker - Fiberon™ PET-GF15 - technical_datasheet.pdf","EN","","downloaded_existing","Existing Polymaker PDFs retained from the official wiki crawl.","2026-06-06T21:01:26.1134733-07:00"
"Polymaker","Polymaker","Fiberon™ PETG-rCF08","PETG","1.75","","technical_datasheet","Polymaker - Fiberon™ PETG-rCF08 - technical_datasheet.pdf","https://wiki.polymaker.com/polymaker-products/more-about-our-products/documents/technical-data-sheets","","filament_datasheets\Polymaker\Polymaker - Fiberon™ PETG-rCF08 - technical_datasheet.pdf","EN","","downloaded_existing","Existing Polymaker PDFs retained from the official wiki crawl.","2026-06-06T21:01:26.1134733-07:00"
"Polymaker","Polymaker","HT-PLA-GF","PLA","1.75","","technical_datasheet","Polymaker - HT-PLA-GF - technical_datasheet.pdf","https://wiki.polymaker.com/polymaker-products/more-about-our-products/documents/technical-data-sheets","","filament_datasheets\Polymaker\Polymaker - HT-PLA-GF - technical_datasheet.pdf","EN","","downloaded_existing","Existing Polymaker PDFs retained from the official wiki crawl.","2026-06-06T21:01:26.1134733-07:00"
"Polymaker","Polymaker","LW-PLA","PLA","1.75","","technical_datasheet","Polymaker - LW-PLA - technical_datasheet.pdf","https://wiki.polymaker.com/polymaker-products/more-about-our-products/documents/technical-data-sheets","","filament_datasheets\Polymaker\Polymaker - LW-PLA - technical_datasheet.pdf","EN","","downloaded_existing","Existing Polymaker PDFs retained from the official wiki crawl.","2026-06-06T21:01:26.1134733-07:00"
"Polymaker","Polymaker","Matte PLA for Production","PLA","1.75","","technical_datasheet","Polymaker - Matte PLA for Production - technical_datasheet.pdf","https://wiki.polymaker.com/polymaker-products/more-about-our-products/documents/technical-data-sheets","","filament_datasheets\Polymaker\Polymaker - Matte PLA for Production - technical_datasheet.pdf","EN","","downloaded_existing","Existing Polymaker PDFs retained from the official wiki crawl.","2026-06-06T21:01:26.1134733-07:00"
"Polymaker","Polymaker","Panchroma™ PLA","PLA","1.75","","technical_datasheet","Polymaker - Panchroma™ PLA - technical_datasheet.pdf","https://wiki.polymaker.com/polymaker-products/more-about-our-products/documents/technical-data-sheets","","filament_datasheets\Polymaker\Polymaker - Panchroma™ PLA - technical_datasheet.pdf","EN","","downloaded_existing","Existing Polymaker PDFs retained from the official wiki crawl.","2026-06-06T21:01:26.1134733-07:00"
"Polymaker","Polymaker","PLA-CF","PLA-CF","1.75","","technical_datasheet","Polymaker - PLA-CF - technical_datasheet.pdf","https://wiki.polymaker.com/polymaker-products/more-about-our-products/documents/technical-data-sheets","","filament_datasheets\Polymaker\Polymaker - PLA-CF - technical_datasheet.pdf","EN","","downloaded_existing","Existing Polymaker PDFs retained from the official wiki crawl.","2026-06-06T21:01:26.1134733-07:00"
"Polymaker","Polymaker","PolyFlex™ TPU90","TPU","1.75","","technical_datasheet","Polymaker - PolyFlex™ TPU90 - technical_datasheet.pdf","https://wiki.polymaker.com/polymaker-products/more-about-our-products/documents/technical-data-sheets","","filament_datasheets\Polymaker\Polymaker - PolyFlex™ TPU90 - technical_datasheet.pdf","EN","","downloaded_existing","Existing Polymaker PDFs retained from the official wiki crawl.","2026-06-06T21:01:26.1134733-07:00"
"Polymaker","Polymaker","PolyFlex™ TPU95","TPU","1.75","","technical_datasheet","Polymaker - PolyFlex™ TPU95 - technical_datasheet.pdf","https://wiki.polymaker.com/polymaker-products/more-about-our-products/documents/technical-data-sheets","","filament_datasheets\Polymaker\Polymaker - PolyFlex™ TPU95 - technical_datasheet.pdf","EN","","downloaded_existing","Existing Polymaker PDFs retained from the official wiki crawl.","2026-06-06T21:01:26.1134733-07:00"
"Polymaker","Polymaker","PolyFlex™ TPU95-HF","TPU","1.75","","technical_datasheet","Polymaker - PolyFlex™ TPU95-HF - technical_datasheet.pdf","https://wiki.polymaker.com/polymaker-products/more-about-our-products/documents/technical-data-sheets","","filament_datasheets\Polymaker\Polymaker - PolyFlex™ TPU95-HF - technical_datasheet.pdf","EN","","downloaded_existing","Existing Polymaker PDFs retained from the official wiki crawl.","2026-06-06T21:01:26.1134733-07:00"
"Polymaker","Polymaker","PolyLite™ ABS","ABS","1.75","","technical_datasheet","Polymaker - PolyLite™ ABS - technical_datasheet.pdf","https://wiki.polymaker.com/polymaker-products/more-about-our-products/documents/technical-data-sheets","","filament_datasheets\Polymaker\Polymaker - PolyLite™ ABS - technical_datasheet.pdf","EN","","downloaded_existing","Existing Polymaker PDFs retained from the official wiki crawl.","2026-06-06T21:01:26.1134733-07:00"
"Polymaker","Polymaker","PolyLite™ PETG","PETG","1.75","","technical_datasheet","Polymaker - PolyLite™ PETG - technical_datasheet.pdf","https://wiki.polymaker.com/polymaker-products/more-about-our-products/documents/technical-data-sheets","","filament_datasheets\Polymaker\Polymaker - PolyLite™ PETG - technical_datasheet.pdf","EN","","downloaded_existing","Existing Polymaker PDFs retained from the official wiki crawl.","2026-06-06T21:01:26.1134733-07:00"
"Polymaker","Polymaker","PolyLite™ PLA","PLA","1.75","","technical_datasheet","Polymaker - PolyLite™ PLA - technical_datasheet.pdf","https://wiki.polymaker.com/polymaker-products/more-about-our-products/documents/technical-data-sheets","","filament_datasheets\Polymaker\Polymaker - PolyLite™ PLA - technical_datasheet.pdf","EN","","downloaded_existing","Existing Polymaker PDFs retained from the official wiki crawl.","2026-06-06T21:01:26.1134733-07:00"
"Polymaker","Polymaker","PolyLite™ PLA Pro","PLA","1.75","","technical_datasheet","Polymaker - PolyLite™ PLA Pro - technical_datasheet.pdf","https://wiki.polymaker.com/polymaker-products/more-about-our-products/documents/technical-data-sheets","","filament_datasheets\Polymaker\Polymaker - PolyLite™ PLA Pro - technical_datasheet.pdf","EN","","downloaded_existing","Existing Polymaker PDFs retained from the official wiki crawl.","2026-06-06T21:01:26.1134733-07:00"
"Polymaker","Polymaker","Polymaker™ ABS Max","ABS","1.75","","technical_datasheet","Polymaker - Polymaker™ ABS Max - technical_datasheet.pdf","https://wiki.polymaker.com/polymaker-products/more-about-our-products/documents/technical-data-sheets","","filament_datasheets\Polymaker\Polymaker - Polymaker™ ABS Max - technical_datasheet.pdf","EN","","downloaded_existing","Existing Polymaker PDFs retained from the official wiki crawl.","2026-06-06T21:01:26.1134733-07:00"
"Polymaker","Polymaker","Polymaker™ ABS Pro","ABS","1.75","","technical_datasheet","Polymaker - Polymaker™ ABS Pro - technical_datasheet.pdf","https://wiki.polymaker.com/polymaker-products/more-about-our-products/documents/technical-data-sheets","","filament_datasheets\Polymaker\Polymaker - Polymaker™ ABS Pro - technical_datasheet.pdf","EN","","downloaded_existing","Existing Polymaker PDFs retained from the official wiki crawl.","2026-06-06T21:01:26.1134733-07:00"
"Polymaker","Polymaker","Polymaker™ ASA","ASA","1.75","","technical_datasheet","Polymaker - Polymaker™ ASA - technical_datasheet.pdf","https://wiki.polymaker.com/polymaker-products/more-about-our-products/documents/technical-data-sheets","","filament_datasheets\Polymaker\Polymaker - Polymaker™ ASA - technical_datasheet.pdf","EN","","downloaded_existing","Existing Polymaker PDFs retained from the official wiki crawl.","2026-06-06T21:01:26.1134733-07:00"
"Polymaker","Polymaker","PolyMax™ PETG","PETG","1.75","","technical_datasheet","Polymaker - PolyMax™ PETG - technical_datasheet.pdf","https://wiki.polymaker.com/polymaker-products/more-about-our-products/documents/technical-data-sheets","","filament_datasheets\Polymaker\Polymaker - PolyMax™ PETG - technical_datasheet.pdf","EN","","downloaded_existing","Existing Polymaker PDFs retained from the official wiki crawl.","2026-06-06T21:01:26.1134733-07:00"
"Polymaker","Polymaker","PolyMax™ PLA","PLA","1.75","","technical_datasheet","Polymaker - PolyMax™ PLA - technical_datasheet.pdf","https://wiki.polymaker.com/polymaker-products/more-about-our-products/documents/technical-data-sheets","","filament_datasheets\Polymaker\Polymaker - PolyMax™ PLA - technical_datasheet.pdf","EN","","downloaded_existing","Existing Polymaker PDFs retained from the official wiki crawl.","2026-06-06T21:01:26.1134733-07:00"
"Polymaker","Polymaker","PolyMide™ CoPA","","1.75","","technical_datasheet","Polymaker - PolyMide™ CoPA - technical_datasheet.pdf","https://wiki.polymaker.com/polymaker-products/more-about-our-products/documents/technical-data-sheets","","filament_datasheets\Polymaker\Polymaker - PolyMide™ CoPA - technical_datasheet.pdf","EN","","downloaded_existing","Existing Polymaker PDFs retained from the official wiki crawl.","2026-06-06T21:01:26.1134733-07:00"
"Polymaker","Polymaker","PolySonic™ PLA","PLA","1.75","","technical_datasheet","Polymaker - PolySonic™ PLA - technical_datasheet.pdf","https://wiki.polymaker.com/polymaker-products/more-about-our-products/documents/technical-data-sheets","","filament_datasheets\Polymaker\Polymaker - PolySonic™ PLA - technical_datasheet.pdf","EN","","downloaded_existing","Existing Polymaker PDFs retained from the official wiki crawl.","2026-06-06T21:01:26.1134733-07:00"
"Polymaker","Polymaker","PolySonic™ PLA Pro","PLA","1.75","","technical_datasheet","Polymaker - PolySonic™ PLA Pro - technical_datasheet.pdf","https://wiki.polymaker.com/polymaker-products/more-about-our-products/documents/technical-data-sheets","","filament_datasheets\Polymaker\Polymaker - PolySonic™ PLA Pro - technical_datasheet.pdf","EN","","downloaded_existing","Existing Polymaker PDFs retained from the official wiki crawl.","2026-06-06T21:01:26.1134733-07:00"
"Polymaker","Polymaker","Technical Data Sheets","","1.75","","technical_datasheet","Polymaker - Technical Data Sheets - technical_datasheet.pdf","https://wiki.polymaker.com/polymaker-products/more-about-our-products/documents/technical-data-sheets","","filament_datasheets\Polymaker\Polymaker - Technical Data Sheets - technical_datasheet.pdf","EN","","downloaded_existing","Existing Polymaker PDFs retained from the official wiki crawl.","2026-06-06T21:01:26.1134733-07:00"
"Prusa Polymers","Prusament","Prusament ASA","ASA","1.75","","technical_datasheet","bc8551ef-tds_prusament-asa_2024_en.pdf","https://prusament.com/materials/prusament-asa/","https://storage.googleapis.com/prusa3d-content-prod-14e8-wordpress-prusament-prod/2024/05/bc8551ef-tds_prusament-asa_2024_en.pdf","filament_datasheets\Prusa Polymers\Prusa Polymers - Prusament ASA - technical_datasheet.pdf","EN","","downloaded_existing","","2026-06-06T21:01:26.1134733-07:00"
"Prusa Polymers","Prusament","Prusament PA11 (Nylon) Carbon Fiber","PA11","1.75","","technical_datasheet","TDS_PA11CFB.pdf","https://prusament.com/materials/prusament-pa11-nylon-carbon-fiber/","https://prusament.com/wp-content/uploads/2022/08/TDS_PA11CFB.pdf","filament_datasheets\Prusa Polymers\Prusa Polymers - Prusament PA11 (Nylon) Carbon Fiber - technical_datasheet.pdf","EN","","downloaded_existing","","2026-06-06T21:01:26.1134733-07:00"
"Prusa Polymers","Prusament","Prusament PC Blend","PC","1.75","","technical_datasheet","PCBlend_Prusament_TDS_2022_16_EN.pdf","https://prusament.com/materials/prusament-pc-blend/","https://prusament.com/wp-content/uploads/2022/10/PCBlend_Prusament_TDS_2022_16_EN.pdf","filament_datasheets\Prusa Polymers\Prusa Polymers - Prusament PC Blend - technical_datasheet.pdf","EN","","downloaded_existing","","2026-06-06T21:01:26.1134733-07:00"
"Prusa Polymers","Prusament","Prusament PC Blend Carbon Fiber","PC","1.75","","technical_datasheet","TDS_Prusament-PCCF_2023_EN.pdf","https://prusament.com/materials/prusament-pc-blend-carbon-fiber/","https://prusament.com/wp-content/uploads/2023/04/TDS_Prusament-PCCF_2023_EN.pdf","filament_datasheets\Prusa Polymers\Prusa Polymers - Prusament PC Blend Carbon Fiber - technical_datasheet.pdf","EN","","downloaded_existing","","2026-06-06T21:01:26.1134733-07:00"
"Prusa Polymers","Prusament","Prusament PC Space Grade","PC","1.75","","technical_datasheet","e032493a-tds_pc_space_grade_en.pdf","https://prusament.com/materials/prusament-pc-space-grade/","https://storage.googleapis.com/prusa3d-content-prod-14e8-wordpress-prusament-prod/2025/09/e032493a-tds_pc_space_grade_en.pdf","filament_datasheets\Prusa Polymers\Prusa Polymers - Prusament PC Space Grade - technical_datasheet.pdf","EN","","downloaded_existing","","2026-06-06T21:01:26.1134733-07:00"
"Prusa Polymers","Prusament","Prusament PEI 1010","PEI","1.75","","technical_datasheet","53ee8f5e-tds_prusament_pei-1010_en.pdf","https://prusament.com/materials/prusament-pei-1010/","https://storage.googleapis.com/prusa3d-content-prod-14e8-wordpress-prusament-prod/2024/09/53ee8f5e-tds_prusament_pei-1010_en.pdf","filament_datasheets\Prusa Polymers\Prusa Polymers - Prusament PEI 1010 - technical_datasheet.pdf","EN","","downloaded_existing","","2026-06-06T21:01:26.1134733-07:00"
"Prusa Polymers","Prusament","Prusament PETG","PETG","1.75","","technical_datasheet","9f8d2165-tds_prusament-petg_n_en.pdf","https://prusament.com/materials/prusament-petg/","https://storage.googleapis.com/prusa3d-content-prod-14e8-wordpress-prusament-prod/2023/10/9f8d2165-tds_prusament-petg_n_en.pdf","filament_datasheets\Prusa Polymers\Prusa Polymers - Prusament PETG - technical_datasheet.pdf","EN","","downloaded_existing","","2026-06-06T21:01:26.1134733-07:00"
"Prusa Polymers","Prusament","Prusament PETG Carbon Fiber","PETG","1.75","","technical_datasheet","TDS_Prusament-PETG-CF-Black.zip","https://prusament.com/materials/prusament-petg-carbon-fiber/","https://prusament.com/wp-content/uploads/2023/02/TDS_Prusament-PETG-CF-Black.zip","filament_datasheets\Prusa Polymers\Prusa Polymers - Prusament PETG Carbon Fiber - technical_datasheet.zip","EN","","downloaded_existing","","2026-06-06T21:01:26.1134733-07:00"
"Prusa Polymers","Prusament","Prusament PETG Magnetite 40%","PETG","1.75","","technical_datasheet","7cdc9586-technical-data-sheet-2.pdf","https://prusament.com/materials/prusament-petg-magnetite-40/","https://storage.googleapis.com/prusa3d-content-prod-14e8-wordpress-prusament-prod/2025/01/7cdc9586-technical-data-sheet-2.pdf","filament_datasheets\Prusa Polymers\Prusa Polymers - Prusament PETG Magnetite 40% - technical_datasheet.pdf","EN","","downloaded_existing","","2026-06-06T21:01:26.1134733-07:00"
"Prusa Polymers","Prusament","Prusament PETG Recycled","PETG","1.75","","technical_datasheet","8_PETG_RECYCLED_Prusament_TDS_2022.pdf","https://prusament.com/materials/prusament-petg-recycled/","https://prusament.com/wp-content/uploads/2022/03/8_PETG_RECYCLED_Prusament_TDS_2022.pdf","filament_datasheets\Prusa Polymers\Prusa Polymers - Prusament PETG Recycled - technical_datasheet.pdf","EN","","downloaded_existing","","2026-06-06T21:01:26.1134733-07:00"
"Prusa Polymers","Prusament","Prusament PETG Tungsten","PETG","1.75","","technical_datasheet","TDS_Prusament-PETG-Tungsten-75_EN-1.pdf","https://prusament.com/materials/prusament-petg-tungsten-75/","https://prusament.com/wp-content/uploads/2023/03/TDS_Prusament-PETG-Tungsten-75_EN-1.pdf","filament_datasheets\Prusa Polymers\Prusa Polymers - Prusament PETG Tungsten - technical_datasheet.pdf","EN","","downloaded_existing","","2026-06-06T21:01:26.1134733-07:00"
"Prusa Polymers","Prusament","Prusament PETG Ultraglow","PETG","1.75","","technical_datasheet","a150c178-prusament-petg-ultraglow-filament-technical-data-sheet.pdf","https://prusament.com/materials/prusament-petg-ultraglow/","https://storage.googleapis.com/prusa3d-content-prod-14e8-wordpress-prusament-prod/2026/05/a150c178-prusament-petg-ultraglow-filament-technical-data-sheet.pdf","filament_datasheets\Prusa Polymers\Prusa Polymers - Prusament PETG Ultraglow - technical_datasheet.pdf","EN","","downloaded_existing","","2026-06-06T21:01:26.1134733-07:00"
"Prusa Polymers","Prusament","Prusament PLA Recycled","PLA","1.75","","technical_datasheet","7_PLA-Recycled_Prusament_TDS_2021_V4.pdf","https://prusament.com/materials/prusament-pla-recycled/","https://prusament.com/wp-content/uploads/2021/12/7_PLA-Recycled_Prusament_TDS_2021_V4.pdf","filament_datasheets\Prusa Polymers\Prusa Polymers - Prusament PLA Recycled - technical_datasheet.pdf","EN","","downloaded_existing","","2026-06-06T21:01:26.1134733-07:00"
"Prusa Polymers","Prusament","Prusament PP Carbon Fiber","PP","1.75","","technical_datasheet","b4ef2bf6-technical-data-sheet-1.pdf","https://prusament.com/materials/prusament-pp/","https://storage.googleapis.com/prusa3d-content-prod-14e8-wordpress-prusament-prod/2025/01/b4ef2bf6-technical-data-sheet-1.pdf","filament_datasheets\Prusa Polymers\Prusa Polymers - Prusament PP Carbon Fiber - technical_datasheet.pdf","EN","","downloaded_existing","","2026-06-06T21:01:26.1134733-07:00"
"Prusa Polymers","Prusament","Prusament PP Glass Fiber","PP","1.75","","technical_datasheet","512923fd-tds_pp_glass_fiber_en.pdf","https://prusament.com/materials/prusament-pp-glass-fiber/","https://storage.googleapis.com/prusa3d-content-prod-14e8-wordpress-prusament-prod/2025/07/512923fd-tds_pp_glass_fiber_en.pdf","filament_datasheets\Prusa Polymers\Prusa Polymers - Prusament PP Glass Fiber - technical_datasheet.pdf","EN","","downloaded_existing","","2026-06-06T21:01:26.1134733-07:00"
"Prusa Polymers","Prusament","Prusament PVB","PVB","1.75","","technical_datasheet","PVB_Prusament_TDS_2021_10_EN.pdf","https://prusament.com/materials/prusament-pvb/","https://prusament.com/wp-content/uploads/2022/10/PVB_Prusament_TDS_2021_10_EN.pdf","filament_datasheets\Prusa Polymers\Prusa Polymers - Prusament PVB - technical_datasheet.pdf","EN","","downloaded_existing","","2026-06-06T21:01:26.1134733-07:00"
"Prusa Polymers","Prusament","Prusament rPLA","PLA","1.75","","technical_datasheet","0eaa8597-prusament-rpla-natural-pigments-technical-data-sheet.pdf","https://prusament.com/materials/prusament-rpla/","https://storage.googleapis.com/prusa3d-content-prod-14e8-wordpress-prusament-prod/2023/11/0eaa8597-prusament-rpla-natural-pigments-technical-data-sheet.pdf","filament_datasheets\Prusa Polymers\Prusa Polymers - Prusament rPLA - technical_datasheet.pdf","EN","","downloaded_existing","","2026-06-06T21:01:26.1134733-07:00"
"Prusa Polymers","Prusament","Prusament TPU 95A","TPU","1.75","","technical_datasheet","80316f6d-tds-prusament_tpu_95a_en-1.pdf","https://prusament.com/materials/prusament-tpu-95a/","https://storage.googleapis.com/prusa3d-content-prod-14e8-wordpress-prusament-prod/2025/05/80316f6d-tds-prusament_tpu_95a_en-1.pdf","filament_datasheets\Prusa Polymers\Prusa Polymers - Prusament TPU 95A - technical_datasheet.pdf","EN","","downloaded_existing","","2026-06-06T21:01:26.1134733-07:00"
"Prusa Polymers","Prusament","Prusament Woodfill","WOOD","1.75","","technical_datasheet","286c3bc0-tds_prusament_woodfill-linden-light_en.pdf","https://prusament.com/materials/prusament-woodfill/","https://storage.googleapis.com/prusa3d-content-prod-14e8-wordpress-prusament-prod/2024/07/286c3bc0-tds_prusament_woodfill-linden-light_en.pdf","filament_datasheets\Prusa Polymers\Prusa Polymers - Prusament Woodfill - technical_datasheet.pdf","EN","","downloaded_existing","","2026-06-06T21:01:26.1134733-07:00"
"Ultimaker","Ultimaker","Ultimaker CPE","CPE","1.75","","technical_datasheet","Ultimaker-CPE-TDS-v5.00.pdf","https://ultimaker.com/materials/s-series-cpe/","https://um-support-files.ultimaker.com/materials/2.85mm/tds/CPE/Ultimaker-CPE-TDS-v5.00.pdf","filament_datasheets\Ultimaker\Ultimaker - Ultimaker CPE - technical_datasheet.pdf","EN","","downloaded_existing","Official TDS; Ultimaker S-series material is 2.85 mm, retained as vendor reference.","2026-06-06T21:01:26.1134733-07:00"
"Ultimaker","Ultimaker","Ultimaker CPE Plus","CPE","1.75","","technical_datasheet","Ultimaker-CPE-PLUS-TDS-v5.00.pdf","https://ultimaker.com/materials/s-series-cpe-plus/","https://um-support-files.ultimaker.com/materials/2.85mm/tds/CPE-PLUS/Ultimaker-CPE-PLUS-TDS-v5.00.pdf","filament_datasheets\Ultimaker\Ultimaker - Ultimaker CPE Plus - technical_datasheet.pdf","EN","","downloaded_existing","Official TDS; Ultimaker S-series material is 2.85 mm, retained as vendor reference.","2026-06-06T21:01:26.1134733-07:00"
"Ultimaker","Ultimaker","Ultimaker PETG","PETG","1.75","","technical_datasheet","Ultimaker-PETG-TDS-v1.00.pdf","https://ultimaker.com/materials/pla/","https://um-support-files.ultimaker.com/materials/2.85mm/tds/PETG/Ultimaker-PETG-TDS-v1.00.pdf","filament_datasheets\Ultimaker\Ultimaker - Ultimaker PETG - technical_datasheet.pdf","EN","","downloaded_existing","Official TDS; Ultimaker S-series material is 2.85 mm, retained as vendor reference.","2026-06-06T21:01:26.1134733-07:00"
"Ultimaker","Ultimaker","Ultimaker Tough PLA","PLA","1.75","","technical_datasheet","UM220509-Tough-PLA-TDS-RB-v2.10.pdf","https://ultimaker.com/materials/tough-pla/","https://um-support-files.ultimaker.com/materials/2.85mm/tds/TOUGH-PLA/UM220509-Tough-PLA-TDS-RB-v2.10.pdf","filament_datasheets\Ultimaker\Ultimaker - Ultimaker Tough PLA - technical_datasheet.pdf","EN","","downloaded_existing","Official TDS; Ultimaker S-series material is 2.85 mm, retained as vendor reference.","2026-06-06T21:01:26.1134733-07:00"
